symbol,entry_date,exit_date,type,entry_price,exit_price,pnl,pnl_pct,result
AHL,2025-03-24,2025-04-29,BUY,745.47,699.74,-45.73,-6.13,LOSS
AHL,2025-05-21,2025-05-22,BUY,688.6,657.21,-31.39,-4.56,LOSS
AHL,2025-05-27,2025-05-28,BUY,664.11,652.42,-11.69,-1.76,LOSS
AHL,2025-06-09,2025-06-12,BUY,649.04,622.66,-26.38,-4.06,LOSS
AHL,2025-06-24,2025-06-25,SELL,605.0,602.78,2.22,0.37,WIN
AHL,2025-06-29,2025-08-05,BUY,613.27,641.9,28.63,4.67,WIN
AHL,2025-08-06,2025-08-14,SELL,648.24,638.11,10.13,1.56,WIN
AHL,2025-08-27,2025-09-23,SELL,639.26,676.5,-37.24,-5.83,LOSS
AHL,2025-09-24,2025-10-15,BUY,650.0,615.0,-35.0,-5.38,LOSS
AHL,2025-10-16,2025-11-24,SELL,615.0,614.7,0.3,0.05,WIN
AHL,2025-11-25,2025-12-08,BUY,609.0,633.1,24.1,3.96,WIN
AHL,2025-12-11,2025-12-15,BUY,610.0,590.0,-20.0,-3.28,LOSS
AHPC,2025-03-09,2025-03-10,BUY,267.0,263.0,-4.0,-1.5,LOSS
AHPC,2025-03-11,2025-03-23,SELL,261.0,247.55,13.45,5.15,WIN
AHPC,2025-04-10,2025-04-17,BUY,252.79,268.73,15.94,6.31,WIN
AHPC,2025-05-14,2025-05-15,BUY,284.73,285.34,0.61,0.21,WIN
AHPC,2025-05-18,2025-06-08,SELL,278.14,301.59,-23.45,-8.43,LOSS
AHPC,2025-06-18,2025-06-26,SELL,296.76,282.95,13.81,4.65,WIN
AHPC,2025-07-10,2025-07-15,SELL,284.04,290.35,-6.31,-2.22,LOSS
AHPC,2025-08-04,2025-08-14,SELL,301.45,293.58,7.87,2.61,WIN
AHPC,2025-08-27,2025-09-08,SELL,298.47,282.24,16.23,5.44,WIN
AHPC,2025-09-21,2025-09-24,SELL,288.85,291.0,-2.15,-0.74,LOSS
AHPC,2025-09-25,2025-10-12,BUY,292.0,276.4,-15.6,-5.34,LOSS
AHPC,2025-10-13,2025-10-30,SELL,281.0,286.9,-5.9,-2.1,LOSS
AHPC,2025-11-02,2025-11-12,BUY,293.9,277.5,-16.4,-5.58,LOSS
AHPC,2025-11-13,2025-11-19,SELL,278.0,281.0,-3.0,-1.08,LOSS
AHPC,2025-11-23,2025-12-08,BUY,281.9,279.6,-2.3,-0.82,LOSS
AHPC,2025-12-09,2025-12-15,SELL,279.0,278.0,1.0,0.36,WIN
AKJCL,2025-03-11,2025-03-23,SELL,207.9,200.79,7.11,3.42,WIN
AKJCL,2025-04-15,2025-04-16,SELL,203.37,207.68,-4.31,-2.12,LOSS
AKJCL,2025-04-22,2025-05-15,BUY,207.39,205.45,-1.94,-0.94,LOSS
AKJCL,2025-05-18,2025-06-11,SELL,205.35,209.7,-4.35,-2.12,LOSS
AKJCL,2025-06-12,2025-06-29,BUY,208.2,209.82,1.62,0.78,WIN
AKJCL,2025-06-30,2025-07-09,SELL,210.61,208.34,2.27,1.08,WIN
AKJCL,2025-08-03,2025-08-13,SELL,211.92,206.6,5.32,2.51,WIN
AKJCL,2025-09-23,2025-09-28,SELL,199.9,196.5,3.4,1.7,WIN
AKJCL,2025-10-07,2025-10-12,BUY,192.9,187.0,-5.9,-3.06,LOSS
AKJCL,2025-10-13,2025-10-14,BUY,190.0,187.2,-2.8,-1.47,LOSS
AKJCL,2025-10-19,2025-10-28,SELL,184.0,193.8,-9.8,-5.33,LOSS
AKJCL,2025-10-29,2025-11-12,BUY,191.0,186.0,-5.0,-2.62,LOSS
AKJCL,2025-11-13,2025-11-18,SELL,186.8,188.1,-1.3,-0.7,LOSS
AKJCL,2025-11-19,2025-12-07,BUY,187.1,186.9,-0.2,-0.11,LOSS
AKJCL,2025-12-08,2025-12-14,SELL,186.0,183.0,3.0,1.61,WIN
AKPL,2025-03-10,2025-03-11,BUY,235.5,232.0,-3.5,-1.49,LOSS
AKPL,2025-03-12,2025-03-23,SELL,236.4,225.12,11.28,4.77,WIN
AKPL,2025-04-02,2025-04-10,SELL,228.61,227.09,1.52,0.66,WIN
AKPL,2025-04-13,2025-04-17,BUY,226.61,237.83,11.22,4.95,WIN
AKPL,2025-04-22,2025-05-04,BUY,232.16,251.07,18.91,8.15,WIN
AKPL,2025-05-18,2025-06-02,SELL,236.88,260.66,-23.78,-10.04,LOSS
AKPL,2025-06-19,2025-06-30,SELL,271.57,262.95,8.62,3.17,WIN
AKPL,2025-07-15,2025-07-17,SELL,261.98,268.99,-7.01,-2.68,LOSS
AKPL,2025-07-20,2025-07-23,BUY,265.02,283.1,18.08,6.82,WIN
AKPL,2025-08-04,2025-08-14,SELL,272.08,264.35,7.73,2.84,WIN
AKPL,2025-08-27,2025-08-28,SELL,268.64,268.55,0.09,0.03,WIN
AKPL,2025-08-31,2025-09-03,BUY,262.88,258.11,-4.77,-1.81,LOSS
AKPL,2025-09-21,2025-09-25,SELL,254.61,259.0,-4.39,-1.72,LOSS
AKPL,2025-09-28,2025-10-08,BUY,260.0,247.6,-12.4,-4.77,LOSS
AKPL,2025-10-19,2025-10-30,SELL,235.0,247.5,-12.5,-5.32,LOSS
AKPL,2025-11-02,2025-11-16,BUY,257.0,239.9,-17.1,-6.65,LOSS
AKPL,2025-11-17,2025-11-18,SELL,239.5,243.0,-3.5,-1.46,LOSS
AKPL,2025-11-19,2025-12-08,BUY,241.0,242.0,1.0,0.41,WIN
AKPL,2025-12-09,2025-12-15,SELL,241.8,240.4,1.4,0.58,WIN
API,2025-03-10,2025-03-20,SELL,286.0,274.21,11.79,4.12,WIN
API,2025-04-02,2025-04-03,SELL,278.86,274.86,4.0,1.43,WIN
API,2025-04-10,2025-04-17,BUY,271.84,289.56,17.72,6.52,WIN
API,2025-04-24,2025-05-04,BUY,281.03,305.82,24.79,8.82,WIN
API,2025-05-14,2025-05-15,BUY,295.76,295.45,-0.31,-0.1,LOSS
API,2025-05-18,2025-06-10,SELL,286.5,302.0,-15.5,-5.41,LOSS
API,2025-06-18,2025-07-01,SELL,298.1,293.16,4.94,1.66,WIN
API,2025-07-10,2025-07-14,SELL,293.8,294.15,-0.35,-0.12,LOSS
API,2025-08-03,2025-08-13,SELL,302.47,297.99,4.48,1.48,WIN
API,2025-08-27,2025-09-18,SELL,298.89,260.1,38.79,12.98,WIN
API,2025-09-21,2025-09-25,SELL,286.1,290.0,-3.9,-1.36,LOSS
API,2025-09-28,2025-10-09,BUY,292.0,282.1,-9.9,-3.39,LOSS
API,2025-10-19,2025-10-29,SELL,273.8,279.0,-5.2,-1.9,LOSS
API,2025-10-30,2025-11-26,BUY,284.9,292.7,7.8,2.74,WIN
API,2025-12-09,2025-12-17,SELL,284.5,290.0,-5.5,-1.93,LOSS
API,2025-12-18,2025-12-28,BUY,288.0,295.7,7.7,2.67,WIN
BARUN,2025-03-02,2025-03-09,BUY,491.0,544.0,53.0,10.79,WIN
BARUN,2025-03-19,2025-04-13,SELL,507.9,534.96,-27.06,-5.33,LOSS
BARUN,2025-05-05,2025-05-18,SELL,551.81,532.96,18.85,3.42,WIN
BARUN,2025-06-23,2025-06-26,BUY,382.42,401.88,19.46,5.09,WIN
BARUN,2025-07-16,2025-07-21,BUY,418.13,404.61,-13.52,-3.23,LOSS
BARUN,2025-08-26,2025-08-27,SELL,356.33,364.08,-7.75,-2.17,LOSS
BARUN,2025-09-25,2025-10-26,BUY,324.0,300.0,-24.0,-7.41,LOSS
BARUN,2025-10-28,2025-11-13,BUY,320.0,345.0,25.0,7.81,WIN
BARUN,2025-11-24,2025-12-01,BUY,340.1,337.0,-3.1,-0.91,LOSS
BARUN,2025-12-02,2025-12-17,SELL,337.0,322.9,14.1,4.18,WIN
BEDC,2025-03-10,2025-03-27,BUY,820.0,781.76,-38.24,-4.66,LOSS
BEDC,2025-03-30,2025-04-08,BUY,800.7,777.7,-23.0,-2.87,LOSS
BEDC,2025-04-21,2025-04-22,SELL,773.23,771.09,2.14,0.28,WIN
BEDC,2025-04-23,2025-05-05,BUY,760.22,710.18,-50.04,-6.58,LOSS
BEDC,2025-05-08,2025-05-19,SELL,717.78,670.75,47.03,6.55,WIN
BEDC,2025-06-11,2025-06-12,BUY,692.52,690.68,-1.84,-0.27,LOSS
BEDC,2025-06-15,2025-06-18,SELL,703.86,761.05,-57.19,-8.13,LOSS
BEDC,2025-07-02,2025-07-03,SELL,665.46,710.59,-45.13,-6.78,LOSS
BEDC,2025-07-06,2025-07-21,BUY,710.42,765.1,54.68,7.7,WIN
BEDC,2025-08-05,2025-08-20,SELL,756.0,738.03,17.97,2.38,WIN
BEDC,2025-08-27,2025-09-03,SELL,730.68,657.53,73.15,10.01,WIN
BEDC,2025-09-23,2025-09-25,SELL,698.1,681.7,16.4,2.35,WIN
BEDC,2025-09-28,2025-10-09,BUY,714.9,609.0,-105.9,-14.81,LOSS
BEDC,2025-10-30,2025-11-12,BUY,587.0,682.0,95.0,16.18,WIN
BEDC,2025-11-17,2025-11-23,BUY,580.0,575.0,-5.0,-0.86,LOSS
BEDC,2025-11-24,2025-12-02,SELL,580.9,560.0,20.9,3.6,WIN
BGWT,2025-03-02,2025-03-05,SELL,1149.9,1100.1,49.8,4.33,WIN
BGWT,2025-04-02,2025-05-04,BUY,1039.71,936.86,-102.85,-9.89,LOSS
BGWT,2025-05-07,2025-05-15,BUY,983.95,938.68,-45.27,-4.6,LOSS
BGWT,2025-05-21,2025-06-05,BUY,942.01,906.94,-35.07,-3.72,LOSS
BGWT,2025-06-10,2025-07-09,BUY,928.64,1025.05,96.41,10.38,WIN
BGWT,2025-07-20,2025-07-30,SELL,963.44,956.8,6.64,0.69,WIN
BGWT,2025-08-04,2025-08-12,SELL,941.66,901.34,40.32,4.28,WIN
BGWT,2025-08-28,2025-09-08,BUY,906.6,882.5,-24.1,-2.66,LOSS
BGWT,2025-10-19,2025-11-13,SELL,856.0,758.0,98.0,11.45,WIN
BGWT,2025-11-19,2025-12-28,BUY,763.9,761.1,-2.8,-0.37,LOSS
BHCL,2025-09-18,2025-10-07,SELL,416.0,444.9,-28.9,-6.95,LOSS
BHCL,2025-10-19,2025-11-09,SELL,407.9,439.9,-32.0,-7.85,LOSS
BHDC,2025-03-02,2025-03-10,SELL,690.0,640.0,50.0,7.25,WIN
BHDC,2025-04-02,2025-04-09,BUY,594.38,566.71,-27.67,-4.66,LOSS
BHDC,2025-04-15,2025-04-20,BUY,570.37,548.86,-21.51,-3.77,LOSS
BHDC,2025-04-23,2025-04-28,BUY,557.92,517.61,-40.31,-7.23,LOSS
BHDC,2025-05-07,2025-05-18,BUY,531.87,472.98,-58.89,-11.07,LOSS
BHDC,2025-06-09,2025-07-14,BUY,478.8,468.32,-10.48,-2.19,LOSS
BHDC,2025-07-15,2025-07-16,SELL,495.04,493.63,1.41,0.28,WIN
BHDC,2025-07-17,2025-07-23,BUY,507.44,638.84,131.4,25.89,WIN
BHDC,2025-08-03,2025-08-17,SELL,569.12,567.48,1.64,0.29,WIN
BHDC,2025-08-21,2025-09-24,SELL,585.02,588.9,-3.88,-0.66,LOSS
BHDC,2025-09-25,2025-10-08,BUY,578.0,560.0,-18.0,-3.11,LOSS
BHDC,2025-10-12,2025-10-14,SELL,555.9,595.0,-39.1,-7.03,LOSS
BHDC,2025-10-16,2025-11-24,SELL,546.0,499.0,47.0,8.61,WIN
BHL,2025-03-05,2025-03-06,BUY,365.0,358.6,-6.4,-1.75,LOSS
BHL,2025-03-30,2025-04-02,BUY,339.08,319.0,-20.08,-5.92,LOSS
BHL,2025-05-05,2025-07-23,BUY,218.46,224.99,6.53,2.99,WIN
BHL,2025-08-03,2025-08-13,SELL,212.87,202.35,10.52,4.94,WIN
BHL,2025-09-23,2025-09-24,SELL,199.2,193.6,5.6,2.81,WIN
BHL,2025-09-25,2025-10-14,BUY,192.0,179.2,-12.8,-6.67,LOSS
BHL,2025-10-19,2025-10-28,SELL,177.0,182.5,-5.5,-3.11,LOSS
BHL,2025-10-29,2025-12-10,BUY,182.3,176.9,-5.4,-2.96,LOSS
BHPL,2025-03-02,2025-03-12,SELL,1063.0,1075.0,-12.0,-1.13,LOSS
BHPL,2025-03-17,2025-03-25,BUY,1065.9,1024.42,-41.48,-3.89,LOSS
BHPL,2025-03-26,2025-03-30,SELL,1031.08,1033.27,-2.19,-0.21,LOSS
BHPL,2025-04-01,2025-05-04,BUY,1030.87,990.09,-40.78,-3.96,LOSS
BHPL,2025-05-06,2025-05-13,SELL,1019.68,1059.75,-40.07,-3.93,LOSS
BHPL,2025-05-15,2025-05-18,SELL,1047.68,1124.34,-76.66,-7.32,LOSS
BHPL,2025-05-22,2025-05-25,BUY,1021.6,952.57,-69.03,-6.76,LOSS
BHPL,2025-06-19,2025-07-17,BUY,772.23,838.98,66.75,8.64,WIN
BHPL,2025-08-03,2025-08-07,SELL,794.52,807.72,-13.2,-1.66,LOSS
BHPL,2025-08-18,2025-09-07,SELL,797.54,709.0,88.54,11.1,WIN
BHPL,2025-09-24,2025-09-25,SELL,756.9,760.0,-3.1,-0.41,LOSS
BHPL,2025-09-28,2025-10-09,BUY,733.0,696.2,-36.8,-5.02,LOSS
BHPL,2025-10-16,2025-10-29,SELL,656.7,692.0,-35.3,-5.38,LOSS
BHPL,2025-10-30,2025-12-08,BUY,702.0,628.0,-74.0,-10.54,LOSS
BNHC,2025-03-09,2025-03-11,BUY,553.5,531.0,-22.5,-4.07,LOSS
BNHC,2025-03-16,2025-03-23,SELL,527.5,496.8,30.7,5.82,WIN
BNHC,2025-04-01,2025-05-05,BUY,512.21,501.94,-10.27,-2.01,LOSS
BNHC,2025-05-06,2025-05-07,SELL,507.65,520.21,-12.56,-2.47,LOSS
BNHC,2025-05-08,2025-05-13,BUY,513.74,503.5,-10.24,-1.99,LOSS
BNHC,2025-05-21,2025-06-12,BUY,512.62,506.27,-6.35,-1.24,LOSS
BNHC,2025-06-15,2025-06-19,SELL,507.02,501.36,5.66,1.12,WIN
BNHC,2025-07-02,2025-07-22,BUY,511.55,541.64,30.09,5.88,WIN
BNHC,2025-08-04,2025-08-31,SELL,528.0,505.75,22.25,4.21,WIN
BNHC,2025-11-02,2025-11-30,BUY,439.0,452.0,13.0,2.96,WIN
BNHC,2025-12-14,2025-12-22,BUY,436.1,436.0,-0.1,-0.02,LOSS
BPCL,2025-03-05,2025-03-09,BUY,420.0,414.0,-6.0,-1.43,LOSS
BPCL,2025-03-10,2025-03-23,SELL,410.0,389.6,20.4,4.98,WIN
BPCL,2025-04-02,2025-04-21,BUY,396.91,435.89,38.98,9.82,WIN
BPCL,2025-05-18,2025-05-27,SELL,454.55,531.72,-77.17,-16.98,LOSS
BPCL,2025-06-29,2025-07-16,SELL,814.85,957.29,-142.44,-17.48,LOSS
BPCL,2025-07-30,2025-08-12,SELL,937.89,854.85,83.04,8.85,WIN
BPCL,2025-09-04,2025-09-18,SELL,830.73,727.1,103.63,12.47,WIN
BPCL,2025-09-23,2025-10-12,SELL,794.8,635.0,159.8,20.11,WIN
BPCL,2025-10-28,2025-11-06,BUY,739.0,762.0,23.0,3.11,WIN
BPCL,2025-11-16,2025-11-17,SELL,712.7,737.0,-24.3,-3.41,LOSS
BPCL,2025-11-18,2025-12-02,BUY,731.0,715.0,-16.0,-2.19,LOSS
BPCL,2025-12-03,2025-12-15,SELL,718.0,703.1,14.9,2.08,WIN
CHCL,2025-03-05,2025-03-10,BUY,522.8,516.3,-6.5,-1.24,LOSS
CHCL,2025-04-15,2025-05-18,BUY,484.11,479.23,-4.88,-1.01,LOSS
CHCL,2025-05-19,2025-05-28,SELL,482.12,495.14,-13.02,-2.7,LOSS
CHCL,2025-06-02,2025-06-04,BUY,488.51,483.25,-5.26,-1.08,LOSS
CHCL,2025-06-05,2025-06-08,SELL,486.77,525.75,-38.98,-8.01,LOSS
CHCL,2025-06-23,2025-07-03,SELL,542.91,536.72,6.19,1.14,WIN
CHCL,2025-07-17,2025-07-21,SELL,547.62,546.26,1.36,0.25,WIN
CHCL,2025-07-31,2025-08-12,SELL,537.2,520.12,17.08,3.18,WIN
CHCL,2025-09-23,2025-09-25,SELL,502.2,497.0,5.2,1.04,WIN
CHCL,2025-09-28,2025-10-14,BUY,503.0,483.0,-20.0,-3.98,LOSS
CHCL,2025-10-19,2025-10-28,SELL,481.0,490.0,-9.0,-1.87,LOSS
CHCL,2025-10-29,2025-11-16,BUY,489.0,480.7,-8.3,-1.7,LOSS
CHCL,2025-11-23,2025-11-27,BUY,490.7,505.5,14.8,3.02,WIN
CHCL,2025-12-08,2025-12-09,SELL,491.0,495.0,-4.0,-0.81,LOSS
CHCL,2025-12-10,2025-12-17,SELL,492.2,496.0,-3.8,-0.77,LOSS
CHCL,2025-12-23,2025-12-24,SELL,494.1,498.0,-3.9,-0.79,LOSS
CHL,2025-03-02,2025-03-04,BUY,556.2,526.0,-30.2,-5.43,LOSS
CHL,2025-03-05,2025-03-23,SELL,533.9,502.95,30.95,5.8,WIN
CHL,2025-04-20,2025-04-30,BUY,473.15,451.17,-21.98,-4.65,LOSS
CHL,2025-05-04,2025-05-18,BUY,457.54,318.0,-139.54,-30.5,LOSS
CHL,2025-06-09,2025-06-29,BUY,296.65,343.9,47.25,15.93,WIN
CHL,2025-07-15,2025-07-30,BUY,322.56,319.11,-3.45,-1.07,LOSS
CHL,2025-07-31,2025-08-06,SELL,316.16,302.9,13.26,4.19,WIN
CHL,2025-09-24,2025-10-15,BUY,258.7,232.0,-26.7,-10.32,LOSS
CHL,2025-10-19,2025-10-28,SELL,230.0,244.5,-14.5,-6.3,LOSS
CHL,2025-10-29,2025-11-25,BUY,241.0,282.9,41.9,17.39,WIN
CHL,2025-12-08,2025-12-23,SELL,261.8,248.0,13.8,5.27,WIN
CKHL,2025-04-02,2025-04-29,BUY,712.5,685.94,-26.56,-3.73,LOSS
CKHL,2025-05-20,2025-06-02,BUY,669.96,633.75,-36.21,-5.4,LOSS
CKHL,2025-06-10,2025-06-23,BUY,651.44,609.72,-41.72,-6.4,LOSS
CKHL,2025-06-26,2025-06-29,SELL,613.43,630.66,-17.23,-2.81,LOSS
CKHL,2025-06-30,2025-07-13,BUY,630.33,678.61,48.28,7.66,WIN
CKHL,2025-07-31,2025-08-07,SELL,691.23,668.82,22.41,3.24,WIN
CKHL,2025-08-18,2025-09-07,SELL,685.62,639.55,46.07,6.72,WIN
CKHL,2025-09-23,2025-09-28,SELL,658.0,664.0,-6.0,-0.91,LOSS
CKHL,2025-10-30,2025-12-07,BUY,600.0,637.1,37.1,6.18,WIN
CKHL,2025-12-14,2025-12-22,BUY,643.0,640.0,-3.0,-0.47,LOSS
DHPL,2025-03-23,2025-04-30,SELL,410.76,340.6,70.16,17.08,WIN
DHPL,2025-05-11,2025-05-26,BUY,364.93,339.78,-25.15,-6.89,LOSS
DHPL,2025-05-28,2025-06-02,BUY,340.18,336.07,-4.11,-1.21,LOSS
DHPL,2025-06-16,2025-07-24,BUY,322.48,348.66,26.18,8.12,WIN
DHPL,2025-07-31,2025-08-12,SELL,327.76,308.27,19.49,5.95,WIN
DHPL,2025-08-20,2025-09-02,BUY,325.41,305.66,-19.75,-6.07,LOSS
DHPL,2025-09-03,2025-09-07,SELL,303.96,290.04,13.92,4.58,WIN
DHPL,2025-09-25,2025-10-12,BUY,296.0,282.0,-14.0,-4.73,LOSS
DHPL,2025-10-13,2025-11-30,BUY,300.9,307.0,6.1,2.03,WIN
DHPL,2025-12-08,2025-12-21,SELL,297.0,289.0,8.0,2.69,WIN
DOLTI,2025-03-20,2025-03-24,SELL,723.72,700.4,23.32,3.22,WIN
DOLTI,2025-03-30,2025-04-24,BUY,691.84,644.38,-47.46,-6.86,LOSS
DOLTI,2025-05-25,2025-06-09,BUY,553.78,592.3,38.52,6.96,WIN
DOLTI,2025-06-16,2025-07-17,BUY,567.14,603.56,36.42,6.42,WIN
DOLTI,2025-08-03,2025-08-12,SELL,591.64,575.98,15.66,2.65,WIN
DOLTI,2025-08-18,2025-09-04,SELL,603.56,542.86,60.7,10.06,WIN
DOLTI,2025-09-24,2025-10-09,BUY,578.0,530.0,-48.0,-8.3,LOSS
DOLTI,2025-10-13,2025-10-29,SELL,520.0,500.0,20.0,3.85,WIN
DOLTI,2025-11-02,2025-11-26,BUY,518.8,558.2,39.4,7.59,WIN
DOLTI,2025-12-03,2025-12-08,BUY,532.0,530.3,-1.7,-0.32,LOSS
DOLTI,2025-12-10,2025-12-18,SELL,530.0,520.0,10.0,1.89,WIN
DORDI,2025-03-20,2025-05-07,BUY,381.91,423.74,41.83,10.95,WIN
DORDI,2025-05-26,2025-06-09,SELL,379.89,406.67,-26.78,-7.05,LOSS
DORDI,2025-06-10,2025-06-11,BUY,396.99,391.29,-5.7,-1.44,LOSS
DORDI,2025-06-15,2025-06-25,SELL,394.43,313.16,81.27,20.6,WIN
DORDI,2025-07-14,2025-08-11,BUY,305.82,296.65,-9.17,-3.0,LOSS
DORDI,2025-08-28,2025-09-02,BUY,279.77,255.03,-24.74,-8.84,LOSS
DORDI,2025-09-28,2025-11-06,BUY,245.0,264.0,19.0,7.76,WIN
DORDI,2025-11-20,2025-11-24,BUY,269.0,277.0,8.0,2.97,WIN
DORDI,2025-12-03,2025-12-14,SELL,265.0,259.0,6.0,2.26,WIN
EHPL,2025-03-04,2025-03-12,SELL,856.0,801.0,55.0,6.43,WIN
EHPL,2025-04-16,2025-04-30,BUY,684.69,614.53,-70.16,-10.25,LOSS
EHPL,2025-05-19,2025-07-17,BUY,582.81,633.72,50.91,8.74,WIN
EHPL,2025-08-03,2025-08-11,SELL,618.42,615.89,2.53,0.41,WIN
EHPL,2025-11-11,2025-11-27,BUY,441.0,460.0,19.0,4.31,WIN
EHPL,2025-12-01,2025-12-15,BUY,433.0,423.0,-10.0,-2.31,LOSS
GHL,2025-03-20,2025-04-07,SELL,294.2,268.29,25.91,8.81,WIN
GHL,2025-04-15,2025-05-06,SELL,277.67,251.61,26.06,9.39,WIN
GHL,2025-05-18,2025-05-19,SELL,259.67,262.11,-2.44,-0.94,LOSS
GHL,2025-05-20,2025-05-25,BUY,265.87,249.89,-15.98,-6.01,LOSS
GHL,2025-05-27,2025-06-09,SELL,244.69,267.69,-23.0,-9.4,LOSS
GHL,2025-06-10,2025-06-23,BUY,266.27,249.8,-16.47,-6.19,LOSS
GHL,2025-06-24,2025-07-08,SELL,248.14,249.01,-0.87,-0.35,LOSS
GHL,2025-07-09,2025-07-20,BUY,251.77,265.77,14.0,5.56,WIN
GHL,2025-07-31,2025-08-12,SELL,253.71,243.29,10.42,4.11,WIN
GHL,2025-09-25,2025-10-12,BUY,226.0,210.0,-16.0,-7.08,LOSS
GHL,2025-10-19,2025-10-28,SELL,201.0,213.0,-12.0,-5.97,LOSS
GHL,2025-10-29,2025-12-07,BUY,210.9,211.9,1.0,0.47,WIN
GHL,2025-12-08,2025-12-14,SELL,211.9,208.9,3.0,1.42,WIN
GLH,2025-03-06,2025-03-10,BUY,271.7,256.0,-15.7,-5.78,LOSS
GLH,2025-03-16,2025-03-23,SELL,249.1,240.15,8.95,3.59,WIN
GLH,2025-04-15,2025-04-17,BUY,241.32,250.57,9.25,3.83,WIN
GLH,2025-05-15,2025-06-02,SELL,262.79,258.9,3.89,1.48,WIN
GLH,2025-06-10,2025-06-12,SELL,259.2,264.62,-5.42,-2.09,LOSS
GLH,2025-06-22,2025-06-25,BUY,263.05,272.33,9.28,3.53,WIN
GLH,2025-07-02,2025-07-06,BUY,269.88,262.84,-7.04,-2.61,LOSS
GLH,2025-07-07,2025-07-16,SELL,261.48,272.62,-11.14,-4.26,LOSS
GLH,2025-08-03,2025-08-13,SELL,272.24,266.22,6.02,2.21,WIN
GLH,2025-08-27,2025-09-08,SELL,272.28,250.93,21.35,7.84,WIN
GLH,2025-09-23,2025-09-25,SELL,261.0,272.5,-11.5,-4.41,LOSS
GLH,2025-09-28,2025-10-15,BUY,276.0,250.9,-25.1,-9.09,LOSS
GLH,2025-10-16,2025-10-29,SELL,244.0,256.0,-12.0,-4.92,LOSS
GLH,2025-10-30,2025-11-12,BUY,261.0,255.0,-6.0,-2.3,LOSS
GLH,2025-11-13,2025-11-23,SELL,252.8,260.1,-7.3,-2.89,LOSS
GLH,2025-11-24,2025-12-03,BUY,260.7,253.2,-7.5,-2.88,LOSS
GLH,2025-12-07,2025-12-14,SELL,254.8,246.5,8.3,3.26,WIN
GVL,2025-03-02,2025-03-04,BUY,549.0,534.0,-15.0,-2.73,LOSS
GVL,2025-04-03,2025-04-21,BUY,505.2,457.92,-47.28,-9.36,LOSS
GVL,2025-04-23,2025-04-27,SELL,451.9,439.57,12.33,2.73,WIN
GVL,2025-05-06,2025-06-15,BUY,459.35,465.67,6.32,1.38,WIN
GVL,2025-06-22,2025-06-24,BUY,442.39,443.15,0.76,0.17,WIN
GVL,2025-06-25,2025-06-29,SELL,444.36,480.07,-35.71,-8.04,LOSS
GVL,2025-07-03,2025-07-13,BUY,469.37,462.06,-7.31,-1.56,LOSS
GVL,2025-07-14,2025-07-16,SELL,462.51,482.3,-19.79,-4.28,LOSS
GVL,2025-07-21,2025-07-23,BUY,486.22,541.1,54.88,11.29,WIN
GVL,2025-08-06,2025-08-17,SELL,567.09,547.58,19.51,3.44,WIN
GVL,2025-08-27,2025-10-29,SELL,581.47,521.0,60.47,10.4,WIN
GVL,2025-10-30,2025-11-13,BUY,535.0,523.7,-11.3,-2.11,LOSS
GVL,2025-11-19,2025-11-30,BUY,528.9,548.0,19.1,3.61,WIN
GVL,2025-12-03,2025-12-07,BUY,528.1,520.5,-7.6,-1.44,LOSS
GVL,2025-12-08,2025-12-22,SELL,524.0,518.0,6.0,1.15,WIN
HDHPC,2025-03-10,2025-03-11,BUY,207.0,203.2,-3.8,-1.84,LOSS
HDHPC,2025-03-12,2025-03-23,SELL,204.9,195.56,9.34,4.56,WIN
HDHPC,2025-04-15,2025-04-16,SELL,197.44,204.41,-6.97,-3.53,LOSS
HDHPC,2025-04-22,2025-05-15,BUY,201.83,202.17,0.34,0.17,WIN
HDHPC,2025-05-18,2025-06-02,SELL,199.77,202.97,-3.2,-1.6,LOSS
HDHPC,2025-06-09,2025-06-11,SELL,203.37,204.3,-0.93,-0.46,LOSS
HDHPC,2025-06-12,2025-06-17,BUY,203.44,200.93,-2.51,-1.23,LOSS
HDHPC,2025-06-18,2025-06-29,SELL,201.51,197.06,4.45,2.21,WIN
HDHPC,2025-07-03,2025-07-07,BUY,200.61,197.19,-3.42,-1.7,LOSS
HDHPC,2025-07-13,2025-07-16,SELL,197.06,197.76,-0.7,-0.36,LOSS
HDHPC,2025-08-05,2025-08-13,SELL,203.0,202.03,0.97,0.48,WIN
HDHPC,2025-09-28,2025-10-07,BUY,186.8,179.6,-7.2,-3.85,LOSS
HDHPC,2025-10-19,2025-10-28,SELL,171.5,177.4,-5.9,-3.44,LOSS
HDHPC,2025-10-29,2025-11-16,BUY,176.7,169.5,-7.2,-4.07,LOSS
HDHPC,2025-11-17,2025-11-27,BUY,173.2,196.8,23.6,13.63,WIN
HDHPC,2025-12-09,2025-12-18,SELL,177.8,176.3,1.5,0.84,WIN
HHL,2025-03-02,2025-03-11,SELL,590.0,540.0,50.0,8.47,WIN
HHL,2025-04-01,2025-04-28,BUY,503.8,434.75,-69.05,-13.71,LOSS
HHL,2025-05-11,2025-06-08,BUY,470.5,402.28,-68.22,-14.5,LOSS
HHL,2025-06-09,2025-06-24,BUY,427.45,386.33,-41.12,-9.62,LOSS
HHL,2025-07-02,2025-07-13,BUY,407.94,357.21,-50.73,-12.44,LOSS
HHL,2025-07-17,2025-07-21,SELL,379.27,384.89,-5.62,-1.48,LOSS
HHL,2025-07-22,2025-08-06,BUY,388.75,391.36,2.61,0.67,WIN
HHL,2025-08-07,2025-08-14,SELL,392.5,378.48,14.02,3.57,WIN
HHL,2025-09-23,2025-09-25,SELL,364.0,358.7,5.3,1.46,WIN
HHL,2025-09-28,2025-10-12,BUY,359.0,328.5,-30.5,-8.5,LOSS
HHL,2025-10-19,2025-10-29,SELL,317.0,328.0,-11.0,-3.47,LOSS
HHL,2025-10-30,2025-11-27,BUY,340.0,360.0,20.0,5.88,WIN
HHL,2025-12-03,2025-12-08,BUY,339.1,335.0,-4.1,-1.21,LOSS
HHL,2025-12-09,2025-12-18,SELL,334.0,324.1,9.9,2.96,WIN
HPPL,2025-03-02,2025-03-04,SELL,603.9,615.0,-11.1,-1.84,LOSS
HPPL,2025-03-09,2025-03-11,BUY,615.0,586.0,-29.0,-4.72,LOSS
HPPL,2025-03-12,2025-04-01,SELL,600.0,619.59,-19.59,-3.27,LOSS
HPPL,2025-04-09,2025-04-13,BUY,617.56,602.57,-14.99,-2.43,LOSS
HPPL,2025-04-21,2025-04-22,BUY,601.78,581.41,-20.37,-3.38,LOSS
HPPL,2025-04-30,2025-05-04,SELL,604.56,645.85,-41.29,-6.83,LOSS
HPPL,2025-05-05,2025-05-08,SELL,581.3,525.22,56.08,9.65,WIN
HPPL,2025-06-02,2025-06-09,BUY,487.63,544.86,57.23,11.74,WIN
HPPL,2025-06-26,2025-06-29,BUY,540.51,527.86,-12.65,-2.34,LOSS
HPPL,2025-07-01,2025-07-14,SELL,524.62,494.77,29.85,5.69,WIN
HPPL,2025-07-17,2025-07-20,SELL,524.19,518.31,5.88,1.12,WIN
HPPL,2025-07-21,2025-08-03,BUY,514.65,508.94,-5.71,-1.11,LOSS
HPPL,2025-08-04,2025-08-12,SELL,513.22,510.08,3.14,0.61,WIN
HPPL,2025-08-27,2025-08-31,SELL,501.18,489.89,11.29,2.25,WIN
HPPL,2025-10-16,2025-10-19,BUY,465.0,511.0,46.0,9.89,WIN
HPPL,2025-11-09,2025-11-18,SELL,464.5,476.0,-11.5,-2.48,LOSS
HPPL,2025-11-24,2025-12-02,SELL,482.0,484.9,-2.9,-0.6,LOSS
HURJA,2025-03-02,2025-03-11,BUY,268.0,245.0,-23.0,-8.58,LOSS
HURJA,2025-03-12,2025-03-20,SELL,249.6,238.43,11.17,4.48,WIN
HURJA,2025-04-01,2025-04-17,BUY,242.4,248.37,5.97,2.46,WIN
HURJA,2025-04-22,2025-05-11,BUY,245.13,275.27,30.14,12.3,WIN
HURJA,2025-05-18,2025-06-03,SELL,249.71,246.11,3.6,1.44,WIN
HURJA,2025-06-08,2025-06-10,SELL,254.3,260.98,-6.68,-2.63,LOSS
HURJA,2025-06-11,2025-06-24,BUY,259.55,253.27,-6.28,-2.42,LOSS
HURJA,2025-06-25,2025-07-08,SELL,254.17,250.05,4.12,1.62,WIN
HURJA,2025-07-21,2025-07-23,BUY,258.03,268.59,10.56,4.09,WIN
HURJA,2025-07-31,2025-08-12,SELL,254.25,242.3,11.95,4.7,WIN
HURJA,2025-09-23,2025-09-24,SELL,233.8,225.6,8.2,3.51,WIN
HURJA,2025-09-25,2025-10-08,BUY,227.0,215.5,-11.5,-5.07,LOSS
HURJA,2025-10-19,2025-10-29,SELL,208.7,216.0,-7.3,-3.5,LOSS
HURJA,2025-10-30,2025-12-07,BUY,223.8,224.0,0.2,0.09,WIN
HURJA,2025-12-08,2025-12-14,SELL,222.0,221.0,1.0,0.45,WIN
IHL,2025-03-30,2025-04-28,BUY,691.2,620.27,-70.93,-10.26,LOSS
IHL,2025-06-05,2025-07-20,BUY,534.18,597.31,63.13,11.82,WIN
IHL,2025-08-03,2025-08-12,SELL,577.16,552.62,24.54,4.25,WIN
IHL,2025-08-18,2025-08-19,SELL,604.41,595.07,9.34,1.55,WIN
IHL,2025-08-20,2025-08-24,BUY,585.15,569.3,-15.85,-2.71,LOSS
IHL,2025-08-25,2025-09-07,SELL,575.0,541.07,33.93,5.9,WIN
IHL,2025-09-23,2025-09-24,SELL,562.0,574.4,-12.4,-2.21,LOSS
IHL,2025-09-25,2025-10-12,BUY,575.0,520.9,-54.1,-9.41,LOSS
IHL,2025-10-13,2025-11-02,SELL,548.7,530.0,18.7,3.41,WIN
IHL,2025-11-03,2025-11-27,BUY,527.3,560.0,32.7,6.2,WIN
IHL,2025-12-07,2025-12-08,SELL,527.0,574.6,-47.6,-9.03,LOSS
JOSHI,2025-03-04,2025-03-11,SELL,416.9,396.0,20.9,5.01,WIN
JOSHI,2025-04-01,2025-04-17,BUY,383.79,394.88,11.09,2.89,WIN
JOSHI,2025-04-22,2025-04-29,BUY,385.95,367.25,-18.7,-4.85,LOSS
JOSHI,2025-05-08,2025-05-13,BUY,380.76,447.61,66.85,17.56,WIN
JOSHI,2025-05-18,2025-05-25,BUY,382.02,384.46,2.44,0.64,WIN
JOSHI,2025-05-26,2025-06-04,SELL,384.5,386.84,-2.34,-0.61,LOSS
JOSHI,2025-06-09,2025-06-10,SELL,395.44,418.65,-23.21,-5.87,LOSS
JOSHI,2025-06-11,2025-06-18,BUY,411.0,450.73,39.73,9.67,WIN
JOSHI,2025-06-23,2025-07-08,SELL,383.4,325.56,57.84,15.09,WIN
JOSHI,2025-07-15,2025-07-17,BUY,346.76,354.52,7.76,2.24,WIN
JOSHI,2025-07-21,2025-08-05,BUY,345.26,323.0,-22.26,-6.45,LOSS
JOSHI,2025-09-23,2025-10-16,BUY,315.8,285.0,-30.8,-9.75,LOSS
JOSHI,2025-10-19,2025-10-28,SELL,288.1,304.9,-16.8,-5.83,LOSS
JOSHI,2025-10-29,2025-11-16,BUY,297.3,319.0,21.7,7.3,WIN
JOSHI,2025-11-30,2025-12-14,SELL,319.0,294.0,25.0,7.84,WIN
KBSH,2025-03-05,2025-03-11,SELL,2600.0,2501.2,98.8,3.8,WIN
KBSH,2025-03-24,2025-04-10,SELL,2500.57,2218.23,282.34,11.29,WIN
KBSH,2025-05-19,2025-07-21,BUY,1973.52,2041.31,67.79,3.43,WIN
KBSH,2025-08-03,2025-08-13,SELL,1978.0,1967.0,11.0,0.56,WIN
KBSH,2025-09-04,2025-09-08,SELL,1889.0,1803.68,85.32,4.52,WIN
KBSH,2025-09-23,2025-09-24,SELL,1889.0,1870.0,19.0,1.01,WIN
KBSH,2025-09-25,2025-10-09,BUY,1861.0,1802.0,-59.0,-3.17,LOSS
KBSH,2025-10-19,2025-10-28,SELL,1749.0,1828.9,-79.9,-4.57,LOSS
KBSH,2025-10-29,2025-12-07,BUY,1796.3,1760.0,-36.3,-2.02,LOSS
KBSH,2025-12-08,2025-12-15,BUY,1794.0,1758.2,-35.8,-2.0,LOSS
KBSH,2025-12-17,2025-12-21,SELL,1762.0,1799.0,-37.0,-2.1,LOSS
KBSH,2025-12-22,2025-12-23,SELL,1765.0,1789.9,-24.9,-1.41,LOSS
KKHC,2025-03-03,2025-03-11,BUY,380.0,370.0,-10.0,-2.63,LOSS
KKHC,2025-03-12,2025-03-20,SELL,367.0,347.6,19.4,5.29,WIN
KKHC,2025-04-02,2025-04-17,BUY,349.97,354.36,4.39,1.25,WIN
KKHC,2025-04-22,2025-05-05,BUY,352.86,339.01,-13.85,-3.93,LOSS
KKHC,2025-05-07,2025-05-26,BUY,346.93,343.02,-3.91,-1.13,LOSS
KKHC,2025-05-27,2025-06-03,SELL,344.16,342.42,1.74,0.51,WIN
KKHC,2025-06-08,2025-06-10,SELL,342.87,349.69,-6.82,-1.99,LOSS
KKHC,2025-06-11,2025-06-18,BUY,342.58,370.19,27.61,8.06,WIN
KKHC,2025-08-11,2025-09-08,BUY,278.02,226.39,-51.63,-18.57,LOSS
KKHC,2025-09-21,2025-11-16,BUY,243.83,238.5,-5.33,-2.19,LOSS
KKHC,2025-11-18,2025-12-02,BUY,253.0,247.0,-6.0,-2.37,LOSS
KKHC,2025-12-03,2025-12-14,SELL,248.0,237.3,10.7,4.31,WIN
KPCL,2025-04-03,2025-04-17,BUY,524.25,554.85,30.6,5.84,WIN
KPCL,2025-04-24,2025-05-15,BUY,534.18,521.9,-12.28,-2.3,LOSS
KPCL,2025-05-19,2025-05-28,SELL,529.79,526.07,3.72,0.7,WIN
KPCL,2025-06-09,2025-06-10,SELL,527.78,524.45,3.33,0.63,WIN
KPCL,2025-06-11,2025-06-15,BUY,527.79,569.78,41.99,7.96,WIN
KPCL,2025-07-02,2025-07-20,SELL,554.87,554.63,0.24,0.04,WIN
KPCL,2025-08-06,2025-09-04,SELL,614.65,562.02,52.63,8.56,WIN
KPCL,2025-09-23,2025-09-24,SELL,600.0,595.0,5.0,0.83,WIN
KPCL,2025-09-28,2025-10-12,BUY,602.0,540.2,-61.8,-10.27,LOSS
KPCL,2025-10-13,2025-10-28,SELL,559.9,583.1,-23.2,-4.14,LOSS
KPCL,2025-10-29,2025-11-09,BUY,575.0,551.0,-24.0,-4.17,LOSS
KPCL,2025-11-10,2025-11-19,SELL,550.0,554.0,-4.0,-0.73,LOSS
KPCL,2025-11-24,2025-12-08,BUY,556.2,542.0,-14.2,-2.55,LOSS
KPCL,2025-12-18,2025-12-22,BUY,543.3,534.0,-9.3,-1.71,LOSS
LEC,2025-03-10,2025-03-12,BUY,216.5,219.0,2.5,1.15,WIN
LEC,2025-03-16,2025-03-23,SELL,215.0,206.04,8.96,4.17,WIN
LEC,2025-04-02,2025-04-16,SELL,210.15,215.24,-5.09,-2.42,LOSS
LEC,2025-04-20,2025-04-28,BUY,210.92,223.95,13.03,6.18,WIN
LEC,2025-05-13,2025-05-15,BUY,219.29,213.8,-5.49,-2.5,LOSS
LEC,2025-05-18,2025-06-02,SELL,210.74,214.52,-3.78,-1.79,LOSS
LEC,2025-06-09,2025-06-11,SELL,213.57,214.39,-0.82,-0.38,LOSS
LEC,2025-06-15,2025-06-25,BUY,214.54,214.87,0.33,0.15,WIN
LEC,2025-06-26,2025-07-08,SELL,212.81,211.12,1.69,0.79,WIN
LEC,2025-08-12,2025-09-07,SELL,229.55,215.79,13.76,5.99,WIN
LEC,2025-10-19,2025-10-26,SELL,188.5,185.9,2.6,1.38,WIN
MAKAR,2025-03-02,2025-03-16,SELL,802.7,749.0,53.7,6.69,WIN
MAKAR,2025-04-02,2025-04-30,BUY,715.95,693.88,-22.07,-3.08,LOSS
MAKAR,2025-05-04,2025-05-05,SELL,691.02,745.03,-54.01,-7.82,LOSS
MAKAR,2025-05-06,2025-05-11,BUY,715.02,696.38,-18.64,-2.61,LOSS
MAKAR,2025-06-09,2025-06-10,SELL,632.2,655.8,-23.6,-3.73,LOSS
MAKAR,2025-06-11,2025-06-23,BUY,644.76,589.3,-55.46,-8.6,LOSS
MAKAR,2025-06-24,2025-06-26,SELL,590.23,605.0,-14.77,-2.5,LOSS
MAKAR,2025-06-29,2025-07-17,BUY,600.35,661.19,60.84,10.13,WIN
MAKAR,2025-07-31,2025-08-06,SELL,638.54,604.03,34.51,5.4,WIN
MAKAR,2025-08-07,2025-08-28,SELL,649.72,592.49,57.23,8.81,WIN
MAKAR,2025-09-23,2025-10-13,BUY,602.8,570.0,-32.8,-5.44,LOSS
MAKAR,2025-10-19,2025-10-29,SELL,539.0,559.8,-20.8,-3.86,LOSS
MAKAR,2025-11-02,2025-12-03,BUY,568.9,548.1,-20.8,-3.66,LOSS
MAKAR,2025-12-15,2025-12-21,BUY,568.0,558.0,-10.0,-1.76,LOSS
MANDU,2025-03-02,2025-03-09,BUY,990.1,950.0,-40.1,-4.05,LOSS
MANDU,2025-04-03,2025-04-17,BUY,886.21,913.83,27.62,3.12,WIN
MANDU,2025-04-21,2025-05-15,BUY,894.91,863.59,-31.32,-3.5,LOSS
MANDU,2025-05-20,2025-05-26,SELL,868.01,869.45,-1.44,-0.17,LOSS
MANDU,2025-05-27,2025-06-05,BUY,867.43,846.91,-20.52,-2.37,LOSS
MANDU,2025-06-10,2025-06-26,BUY,858.37,849.75,-8.62,-1.0,LOSS
MANDU,2025-06-29,2025-07-10,BUY,858.04,931.78,73.74,8.59,WIN
MANDU,2025-07-30,2025-07-31,BUY,918.99,910.03,-8.96,-0.97,LOSS
MANDU,2025-08-03,2025-08-13,SELL,908.02,886.91,21.11,2.32,WIN
MANDU,2025-09-04,2025-09-07,BUY,854.9,840.97,-13.93,-1.63,LOSS
MANDU,2025-09-23,2025-09-28,SELL,834.0,850.0,-16.0,-1.92,LOSS
MANDU,2025-10-07,2025-10-13,BUY,845.0,809.0,-36.0,-4.26,LOSS
MANDU,2025-10-19,2025-10-30,SELL,789.1,806.2,-17.1,-2.17,LOSS
MANDU,2025-11-02,2025-11-13,BUY,812.1,773.1,-39.0,-4.8,LOSS
MANDU,2025-11-19,2025-12-02,BUY,782.0,814.0,32.0,4.09,WIN
MANDU,2025-12-17,2025-12-21,BUY,808.3,792.9,-15.4,-1.91,LOSS
MBJC,2025-03-02,2025-03-09,BUY,360.0,340.0,-20.0,-5.56,LOSS
MBJC,2025-04-02,2025-04-08,BUY,321.4,314.63,-6.77,-2.11,LOSS
MBJC,2025-04-10,2025-04-28,BUY,315.34,368.16,52.82,16.75,WIN
MBJC,2025-04-30,2025-05-05,BUY,326.65,316.55,-10.1,-3.09,LOSS
MBJC,2025-05-06,2025-05-20,SELL,315.86,316.0,-0.14,-0.04,LOSS
MBJC,2025-06-10,2025-06-16,BUY,314.1,329.06,14.96,4.76,WIN
MBJC,2025-06-29,2025-07-09,SELL,318.66,312.4,6.26,1.96,WIN
MBJC,2025-07-31,2025-08-12,SELL,318.86,312.37,6.49,2.04,WIN
MBJC,2025-08-26,2025-09-04,BUY,315.7,306.26,-9.44,-2.99,LOSS
MBJC,2025-09-07,2025-09-18,SELL,305.39,284.5,20.89,6.84,WIN
MBJC,2025-09-23,2025-09-28,SELL,307.9,307.0,0.9,0.29,WIN
MBJC,2025-10-19,2025-10-30,SELL,277.5,285.2,-7.7,-2.77,LOSS
MBJC,2025-11-02,2025-12-02,BUY,284.5,292.8,8.3,2.92,WIN
MBJC,2025-12-09,2025-12-14,BUY,283.0,280.5,-2.5,-0.88,LOSS
MBJC,2025-12-15,2025-12-23,SELL,281.0,280.1,0.9,0.32,WIN
MCHL,2025-03-30,2025-04-17,BUY,598.04,631.95,33.91,5.67,WIN
MCHL,2025-04-30,2025-05-05,SELL,583.09,566.34,16.75,2.87,WIN
MCHL,2025-05-25,2025-06-09,SELL,566.04,576.89,-10.85,-1.92,LOSS
MCHL,2025-06-11,2025-06-19,BUY,561.42,542.69,-18.73,-3.34,LOSS
MCHL,2025-07-01,2025-08-03,BUY,540.47,539.81,-0.66,-0.12,LOSS
MCHL,2025-08-04,2025-08-11,SELL,540.7,529.16,11.54,2.13,WIN
MCHL,2025-08-27,2025-09-04,SELL,532.11,482.22,49.89,9.38,WIN
MCHL,2025-09-23,2025-10-15,BUY,532.0,482.0,-50.0,-9.4,LOSS
MCHL,2025-10-16,2025-11-03,SELL,485.0,502.0,-17.0,-3.51,LOSS
MCHL,2025-11-04,2025-11-13,BUY,490.0,475.0,-15.0,-3.06,LOSS
MCHL,2025-11-16,2025-11-23,SELL,475.0,485.0,-10.0,-2.11,LOSS
MCHL,2025-11-24,2025-12-07,BUY,489.0,510.0,21.0,4.29,WIN
MCHL,2025-12-14,2025-12-15,BUY,480.0,476.1,-3.9,-0.81,LOSS
MCHL,2025-12-16,2025-12-28,SELL,480.0,458.9,21.1,4.4,WIN
MEHL,2025-03-03,2025-03-10,SELL,620.0,597.6,22.4,3.61,WIN
MEHL,2025-04-02,2025-04-15,SELL,558.49,536.43,22.06,3.95,WIN
MEHL,2025-04-16,2025-04-27,BUY,537.4,513.55,-23.85,-4.44,LOSS
MEHL,2025-05-21,2025-06-05,BUY,473.51,425.33,-48.18,-10.18,LOSS
MEHL,2025-06-09,2025-06-23,BUY,449.61,409.01,-40.6,-9.03,LOSS
MEHL,2025-06-25,2025-07-21,BUY,425.03,471.83,46.8,11.01,WIN
MEHL,2025-08-03,2025-08-17,SELL,443.36,477.53,-34.17,-7.71,LOSS
MEHL,2025-08-18,2025-08-20,BUY,470.7,451.62,-19.08,-4.05,LOSS
MEHL,2025-08-21,2025-09-04,SELL,444.85,420.87,23.98,5.39,WIN
MEHL,2025-09-23,2025-09-24,SELL,438.0,441.0,-3.0,-0.68,LOSS
MEHL,2025-09-25,2025-10-09,BUY,449.0,412.0,-37.0,-8.24,LOSS
MEHL,2025-10-13,2025-10-28,SELL,412.0,395.0,17.0,4.13,WIN
MEHL,2025-11-02,2025-11-24,BUY,408.9,435.5,26.6,6.51,WIN
MEHL,2025-12-15,2025-12-23,SELL,454.0,430.0,24.0,5.29,WIN
MEL,2025-04-01,2025-05-27,BUY,327.09,301.17,-25.92,-7.92,LOSS
MEL,2025-06-12,2025-06-25,BUY,299.19,331.5,32.31,10.8,WIN
MEL,2025-07-07,2025-07-08,BUY,309.37,311.97,2.6,0.84,WIN
MEL,2025-07-09,2025-07-17,SELL,314.75,324.1,-9.35,-2.97,LOSS
MEL,2025-07-20,2025-07-27,BUY,321.1,329.94,8.84,2.75,WIN
MEL,2025-07-31,2025-08-06,SELL,315.07,306.28,8.79,2.79,WIN
MEL,2025-08-27,2025-09-07,SELL,305.18,283.96,21.22,6.95,WIN
MEL,2025-09-23,2025-09-25,SELL,295.9,294.0,1.9,0.64,WIN
MEL,2025-09-28,2025-10-12,BUY,298.0,282.0,-16.0,-5.37,LOSS
MEL,2025-10-19,2025-11-02,SELL,273.7,286.9,-13.2,-4.82,LOSS
MEL,2025-11-03,2025-11-10,BUY,281.0,266.2,-14.8,-5.27,LOSS
MEL,2025-11-11,2025-12-07,BUY,275.4,289.0,13.6,4.94,WIN
MEL,2025-12-08,2025-12-11,SELL,286.0,283.0,3.0,1.05,WIN
MEN,2025-03-09,2025-03-10,BUY,601.0,595.1,-5.9,-0.98,LOSS
MEN,2025-03-11,2025-03-23,SELL,594.5,579.6,14.9,2.51,WIN
MEN,2025-04-02,2025-04-17,BUY,588.15,591.11,2.96,0.5,WIN
MEN,2025-04-21,2025-04-24,BUY,583.29,570.53,-12.76,-2.19,LOSS
MEN,2025-05-07,2025-05-15,BUY,586.07,563.2,-22.87,-3.9,LOSS
MEN,2025-05-18,2025-05-20,SELL,566.13,574.82,-8.69,-1.53,LOSS
MEN,2025-05-28,2025-06-04,BUY,585.11,572.98,-12.13,-2.07,LOSS
MEN,2025-06-05,2025-06-09,SELL,579.82,585.92,-6.1,-1.05,LOSS
MEN,2025-06-22,2025-07-02,SELL,585.47,610.48,-25.01,-4.27,LOSS
MEN,2025-07-09,2025-07-15,SELL,603.12,625.06,-21.94,-3.64,LOSS
MEN,2025-07-31,2025-08-12,SELL,638.27,626.68,11.59,1.82,WIN
MEN,2025-08-20,2025-09-08,SELL,643.86,614.37,29.49,4.58,WIN
MEN,2025-09-23,2025-09-25,SELL,625.9,625.5,0.4,0.06,WIN
MEN,2025-09-28,2025-10-12,BUY,632.0,605.0,-27.0,-4.27,LOSS
MEN,2025-10-14,2025-10-28,SELL,606.2,617.9,-11.7,-1.93,LOSS
MEN,2025-10-29,2025-11-23,BUY,616.1,666.0,49.9,8.1,WIN
MEN,2025-12-24,2025-12-28,BUY,560.0,566.0,6.0,1.07,WIN
MHCL,2025-03-04,2025-03-16,SELL,614.0,556.0,58.0,9.45,WIN
MHCL,2025-04-15,2025-05-04,BUY,510.04,486.44,-23.6,-4.63,LOSS
MHCL,2025-05-05,2025-05-06,SELL,490.69,505.85,-15.16,-3.09,LOSS
MHCL,2025-05-07,2025-05-15,BUY,518.23,475.66,-42.57,-8.21,LOSS
MHCL,2025-05-20,2025-05-25,BUY,500.96,468.1,-32.86,-6.56,LOSS
MHCL,2025-06-16,2025-06-22,BUY,444.0,425.12,-18.88,-4.25,LOSS
MHCL,2025-06-25,2025-07-13,BUY,436.18,447.06,10.88,2.49,WIN
MHCL,2025-07-16,2025-07-17,BUY,446.8,468.3,21.5,4.81,WIN
MHCL,2025-08-03,2025-08-14,SELL,457.56,450.67,6.89,1.51,WIN
MHCL,2025-09-24,2025-09-25,SELL,435.0,435.0,0.0,0.0,LOSS
MHCL,2025-09-28,2025-10-08,BUY,432.9,405.4,-27.5,-6.35,LOSS
MHCL,2025-10-30,2025-11-30,BUY,401.0,405.9,4.9,1.22,WIN
MHCL,2025-12-03,2025-12-08,BUY,395.0,393.1,-1.9,-0.48,LOSS
MHCL,2025-12-10,2025-12-18,BUY,402.0,394.0,-8.0,-1.99,LOSS
MHL,2025-03-03,2025-03-09,SELL,840.0,797.0,43.0,5.12,WIN
MHL,2025-04-09,2025-04-28,BUY,700.05,641.32,-58.73,-8.39,LOSS
MHL,2025-05-20,2025-06-22,BUY,620.38,571.52,-48.86,-7.88,LOSS
MHL,2025-07-06,2025-07-17,BUY,573.49,618.54,45.05,7.86,WIN
MHL,2025-08-03,2025-08-07,SELL,596.74,561.24,35.5,5.95,WIN
MHL,2025-09-24,2025-10-12,BUY,502.0,455.5,-46.5,-9.26,LOSS
MHL,2025-10-19,2025-10-28,SELL,452.0,471.0,-19.0,-4.2,LOSS
MHL,2025-10-29,2025-11-26,BUY,472.0,508.2,36.2,7.67,WIN
MHL,2025-12-07,2025-12-08,BUY,480.8,488.8,8.0,1.66,WIN
MHL,2025-12-09,2025-12-18,SELL,489.0,480.4,8.6,1.76,WIN
MHNL,2025-03-02,2025-03-05,BUY,285.0,304.9,19.9,6.98,WIN
MHNL,2025-03-10,2025-03-16,BUY,280.0,265.2,-14.8,-5.29,LOSS
MHNL,2025-03-17,2025-03-26,SELL,267.0,265.29,1.71,0.64,WIN
MHNL,2025-04-07,2025-04-15,SELL,259.12,268.63,-9.51,-3.67,LOSS
MHNL,2025-04-16,2025-04-17,BUY,271.06,277.86,6.8,2.51,WIN
MHNL,2025-04-20,2025-05-06,BUY,269.61,264.64,-4.97,-1.84,LOSS
MHNL,2025-05-07,2025-05-14,BUY,273.02,263.71,-9.31,-3.41,LOSS
MHNL,2025-06-09,2025-06-11,SELL,257.96,265.83,-7.87,-3.05,LOSS
MHNL,2025-06-12,2025-07-09,BUY,264.38,274.28,9.9,3.74,WIN
MHNL,2025-07-10,2025-07-21,SELL,270.26,291.57,-21.31,-7.88,LOSS
MHNL,2025-07-22,2025-07-30,BUY,290.27,278.62,-11.65,-4.01,LOSS
MHNL,2025-07-31,2025-08-11,SELL,269.84,265.07,4.77,1.77,WIN
MHNL,2025-08-21,2025-08-24,BUY,271.31,266.27,-5.04,-1.86,LOSS
MHNL,2025-08-25,2025-08-28,BUY,271.87,263.13,-8.74,-3.21,LOSS
MHNL,2025-09-28,2025-10-07,BUY,250.0,243.2,-6.8,-2.72,LOSS
MHNL,2025-10-09,2025-10-12,BUY,249.0,238.9,-10.1,-4.06,LOSS
MHNL,2025-10-13,2025-10-14,BUY,245.6,240.0,-5.6,-2.28,LOSS
MHNL,2025-10-15,2025-10-28,SELL,241.0,243.0,-2.0,-0.83,LOSS
MHNL,2025-10-29,2025-11-16,BUY,244.5,238.0,-6.5,-2.66,LOSS
MHNL,2025-11-17,2025-12-03,BUY,243.8,246.0,2.2,0.9,WIN
MHNL,2025-12-07,2025-12-09,SELL,244.9,246.0,-1.1,-0.45,LOSS
MHNL,2025-12-16,2025-12-18,BUY,254.0,246.7,-7.3,-2.87,LOSS
MKHC,2025-03-04,2025-03-05,BUY,575.0,570.0,-5.0,-0.87,LOSS
MKHC,2025-03-06,2025-03-20,SELL,581.0,526.95,54.05,9.3,WIN
MKHC,2025-04-16,2025-04-28,BUY,504.67,471.01,-33.66,-6.67,LOSS
MKHC,2025-04-29,2025-05-06,SELL,489.8,456.52,33.28,6.79,WIN
MKHC,2025-06-03,2025-07-08,BUY,414.6,414.03,-0.57,-0.14,LOSS
MKHC,2025-07-09,2025-07-17,SELL,417.16,431.79,-14.63,-3.51,LOSS
MKHC,2025-07-20,2025-07-24,BUY,428.18,470.15,41.97,9.8,WIN
MKHC,2025-08-05,2025-09-02,SELL,447.0,413.26,33.74,7.55,WIN
MKHC,2025-10-30,2025-11-23,BUY,373.8,398.0,24.2,6.47,WIN
MKHC,2025-12-11,2025-12-15,SELL,389.9,377.9,12.0,3.08,WIN
MKHL,2025-03-03,2025-03-16,SELL,715.5,695.0,20.5,2.87,WIN
MKHL,2025-03-20,2025-04-13,SELL,713.46,669.13,44.33,6.21,WIN
MKHL,2025-04-17,2025-04-20,BUY,681.48,673.4,-8.08,-1.19,LOSS
MKHL,2025-04-22,2025-04-23,BUY,678.61,670.98,-7.63,-1.12,LOSS
MKHL,2025-04-28,2025-05-06,BUY,685.57,729.57,44.0,6.42,WIN
MKHL,2025-06-03,2025-06-12,SELL,722.05,748.97,-26.92,-3.73,LOSS
MKHL,2025-06-18,2025-06-19,BUY,753.26,746.77,-6.49,-0.86,LOSS
MKHL,2025-06-22,2025-07-03,SELL,734.27,768.81,-34.54,-4.7,LOSS
MKHL,2025-07-24,2025-08-19,SELL,874.84,814.39,60.45,6.91,WIN
MKHL,2025-09-24,2025-10-08,BUY,799.0,730.0,-69.0,-8.64,LOSS
MKHL,2025-10-29,2025-11-06,BUY,775.0,799.0,24.0,3.1,WIN
MKHL,2025-11-19,2025-12-07,BUY,771.0,787.1,16.1,2.09,WIN
MKJC,2025-03-02,2025-03-04,BUY,594.0,579.0,-15.0,-2.53,LOSS
MKJC,2025-04-01,2025-04-24,BUY,541.63,543.34,1.71,0.32,WIN
MKJC,2025-04-27,2025-05-04,SELL,539.93,530.6,9.33,1.73,WIN
MKJC,2025-06-03,2025-06-26,BUY,496.23,535.61,39.38,7.94,WIN
MKJC,2025-07-13,2025-07-17,SELL,517.45,544.09,-26.64,-5.15,LOSS
MKJC,2025-07-20,2025-07-28,BUY,535.41,596.46,61.05,11.4,WIN
MKJC,2025-08-11,2025-08-26,SELL,570.95,560.63,10.32,1.81,WIN
MKJC,2025-08-28,2025-09-01,SELL,589.21,585.43,3.78,0.64,WIN
MKJC,2025-09-03,2025-09-07,SELL,575.43,593.49,-18.06,-3.14,LOSS
MKJC,2025-09-18,2025-09-23,SELL,553.0,599.0,-46.0,-8.32,LOSS
MKJC,2025-09-24,2025-09-25,SELL,585.0,602.0,-17.0,-2.91,LOSS
MKJC,2025-10-08,2025-10-12,BUY,590.0,572.0,-18.0,-3.05,LOSS
MKJC,2025-10-13,2025-11-02,SELL,574.9,594.0,-19.1,-3.32,LOSS
MKJC,2025-11-03,2025-11-10,BUY,593.0,560.0,-33.0,-5.56,LOSS
MKJC,2025-11-11,2025-11-20,SELL,558.9,530.0,28.9,5.17,WIN
MKJC,2025-11-27,2025-12-07,BUY,552.0,528.0,-24.0,-4.35,LOSS
MKJC,2025-12-10,2025-12-15,SELL,529.8,511.0,18.8,3.55,WIN
MKJC,2025-12-21,2025-12-22,BUY,520.0,510.7,-9.3,-1.79,LOSS
MMKJL,2025-03-02,2025-03-19,SELL,780.0,724.0,56.0,7.18,WIN
MMKJL,2025-04-01,2025-04-02,SELL,709.25,704.0,5.25,0.74,WIN
MMKJL,2025-04-03,2025-04-07,BUY,689.42,667.1,-22.32,-3.24,LOSS
MMKJL,2025-04-16,2025-04-27,BUY,675.88,640.24,-35.64,-5.27,LOSS
MMKJL,2025-05-07,2025-06-05,BUY,651.46,574.62,-76.84,-11.8,LOSS
MMKJL,2025-06-09,2025-06-17,BUY,597.55,566.89,-30.66,-5.13,LOSS
MMKJL,2025-07-02,2025-07-10,BUY,566.56,612.69,46.13,8.14,WIN
MMKJL,2025-07-27,2025-08-03,BUY,622.11,605.06,-17.05,-2.74,LOSS
MMKJL,2025-08-04,2025-08-14,SELL,599.33,588.91,10.42,1.74,WIN
MMKJL,2025-08-27,2025-09-23,SELL,577.52,610.0,-32.48,-5.62,LOSS
MMKJL,2025-10-14,2025-10-15,BUY,607.0,596.0,-11.0,-1.81,LOSS
MMKJL,2025-10-16,2025-11-02,SELL,594.0,622.5,-28.5,-4.8,LOSS
MMKJL,2025-11-04,2025-11-06,SELL,610.0,630.0,-20.0,-3.28,LOSS
MMKJL,2025-11-10,2025-11-17,SELL,609.9,570.0,39.9,6.54,WIN
MMKJL,2025-11-23,2025-12-09,SELL,601.0,645.5,-44.5,-7.4,LOSS
MMKJL,2025-12-14,2025-12-22,BUY,610.0,585.2,-24.8,-4.07,LOSS
MSHL,2025-03-02,2025-03-05,SELL,1020.0,1005.0,15.0,1.47,WIN
MSHL,2025-04-13,2025-04-28,BUY,877.46,852.43,-25.03,-2.85,LOSS
MSHL,2025-05-08,2025-06-18,BUY,866.31,875.56,9.25,1.07,WIN
MSHL,2025-06-19,2025-07-01,SELL,889.9,864.01,25.89,2.91,WIN
MSHL,2025-07-13,2025-07-27,BUY,866.55,922.79,56.24,6.49,WIN
MSHL,2025-08-05,2025-08-17,SELL,909.0,876.72,32.28,3.55,WIN
MSHL,2025-08-26,2025-09-07,BUY,912.92,894.55,-18.37,-2.01,LOSS
MSHL,2025-09-08,2025-09-24,SELL,901.83,934.0,-32.17,-3.57,LOSS
MSHL,2025-09-25,2025-10-12,BUY,917.1,880.4,-36.7,-4.0,LOSS
MSHL,2025-10-13,2025-11-02,SELL,920.0,928.9,-8.9,-0.97,LOSS
MSHL,2025-11-03,2025-11-04,BUY,923.0,895.0,-28.0,-3.03,LOSS
MSHL,2025-11-05,2025-11-06,BUY,923.0,901.0,-22.0,-2.38,LOSS
MSHL,2025-11-11,2025-11-19,SELL,904.9,901.0,3.9,0.43,WIN
MSHL,2025-11-20,2025-12-22,BUY,900.0,896.2,-3.8,-0.42,LOSS
MSHL,2025-12-23,2025-12-24,SELL,905.9,918.0,-12.1,-1.34,LOSS
NGPL,2025-03-09,2025-03-20,SELL,283.0,274.9,8.1,2.86,WIN
NGPL,2025-04-09,2025-04-15,BUY,274.23,293.37,19.14,6.98,WIN
NGPL,2025-05-15,2025-06-15,SELL,367.63,425.79,-58.16,-15.82,LOSS
NGPL,2025-06-22,2025-07-03,SELL,402.8,390.37,12.43,3.09,WIN
NGPL,2025-07-15,2025-07-17,SELL,396.05,411.77,-15.72,-3.97,LOSS
NGPL,2025-08-06,2025-08-14,SELL,415.61,412.01,3.6,0.87,WIN
NGPL,2025-08-27,2025-09-18,SELL,411.6,364.0,47.6,11.56,WIN
NGPL,2025-09-21,2025-10-07,SELL,390.84,393.0,-2.16,-0.55,LOSS
NGPL,2025-10-19,2025-10-29,SELL,353.1,380.0,-26.9,-7.62,LOSS
NGPL,2025-10-30,2025-11-16,BUY,388.0,368.5,-19.5,-5.03,LOSS
NGPL,2025-11-18,2025-12-07,BUY,377.0,404.0,27.0,7.16,WIN
NGPL,2025-12-14,2025-12-15,BUY,394.2,399.3,5.1,1.29,WIN
NHDL,2025-03-05,2025-03-06,BUY,920.0,904.0,-16.0,-1.74,LOSS
NHDL,2025-03-09,2025-03-19,SELL,889.0,839.0,50.0,5.62,WIN
NHDL,2025-04-16,2025-04-28,BUY,800.11,749.52,-50.59,-6.32,LOSS
NHDL,2025-05-21,2025-06-09,BUY,708.07,731.59,23.52,3.32,WIN
NHDL,2025-06-15,2025-06-19,BUY,701.14,675.03,-26.11,-3.72,LOSS
NHDL,2025-06-26,2025-06-29,SELL,678.03,683.95,-5.92,-0.87,LOSS
NHDL,2025-07-03,2025-07-22,BUY,673.63,740.82,67.19,9.97,WIN
NHDL,2025-08-05,2025-08-17,SELL,722.0,714.32,7.68,1.06,WIN
NHDL,2025-08-18,2025-08-20,SELL,733.08,733.31,-0.23,-0.03,LOSS
NHDL,2025-08-21,2025-08-24,BUY,727.62,718.0,-9.62,-1.32,LOSS
NHDL,2025-08-27,2025-09-07,SELL,716.64,680.17,36.47,5.09,WIN
NHDL,2025-09-23,2025-09-28,SELL,711.9,695.1,16.8,2.36,WIN
NHDL,2025-10-07,2025-10-08,BUY,681.0,676.0,-5.0,-0.73,LOSS
NHDL,2025-10-09,2025-10-12,BUY,692.0,651.0,-41.0,-5.92,LOSS
NHDL,2025-10-19,2025-10-28,SELL,636.5,678.1,-41.6,-6.54,LOSS
NHDL,2025-10-29,2025-11-13,BUY,680.0,660.0,-20.0,-2.94,LOSS
NHDL,2025-11-16,2025-11-17,SELL,675.0,675.0,0.0,0.0,LOSS
NHDL,2025-11-19,2025-12-08,BUY,684.1,687.0,2.9,0.42,WIN
NHDL,2025-12-09,2025-12-16,SELL,691.0,720.0,-29.0,-4.2,LOSS
NHDL,2025-12-22,2025-12-23,BUY,674.0,670.0,-4.0,-0.59,LOSS
NHPC,2025-03-09,2025-03-10,BUY,221.0,219.9,-1.1,-0.5,LOSS
NHPC,2025-03-12,2025-03-20,SELL,216.0,211.6,4.4,2.04,WIN
NHPC,2025-04-10,2025-04-17,BUY,206.48,222.9,16.42,7.95,WIN
NHPC,2025-05-13,2025-05-14,BUY,223.93,220.76,-3.17,-1.42,LOSS
NHPC,2025-05-15,2025-05-28,SELL,220.01,217.72,2.29,1.04,WIN
NHPC,2025-06-09,2025-06-11,SELL,219.49,220.25,-0.76,-0.35,LOSS
NHPC,2025-06-12,2025-06-22,BUY,220.31,214.67,-5.64,-2.56,LOSS
NHPC,2025-06-24,2025-06-30,SELL,213.77,211.31,2.46,1.15,WIN
NHPC,2025-07-13,2025-07-20,BUY,213.52,221.48,7.96,3.73,WIN
NHPC,2025-08-03,2025-08-13,SELL,215.71,210.56,5.15,2.39,WIN
NHPC,2025-08-27,2025-09-07,SELL,211.37,202.0,9.37,4.43,WIN
NHPC,2025-09-23,2025-09-25,SELL,205.5,200.0,5.5,2.68,WIN
NHPC,2025-09-28,2025-10-08,BUY,200.0,194.0,-6.0,-3.0,LOSS
NHPC,2025-10-09,2025-10-12,BUY,198.0,192.0,-6.0,-3.03,LOSS
NHPC,2025-10-19,2025-10-29,SELL,186.9,192.0,-5.1,-2.73,LOSS
NHPC,2025-10-30,2025-11-16,BUY,194.0,188.0,-6.0,-3.09,LOSS
NHPC,2025-11-17,2025-11-18,SELL,189.0,190.2,-1.2,-0.63,LOSS
NHPC,2025-11-19,2025-12-08,BUY,187.9,189.0,1.1,0.59,WIN
NHPC,2025-12-10,2025-12-14,SELL,187.5,186.3,1.2,0.64,WIN
NHPC,2025-12-24,2025-12-28,SELL,190.8,193.9,-3.1,-1.62,LOSS
NYADI,2025-03-18,2025-04-02,BUY,588.0,644.89,56.89,9.68,WIN
NYADI,2025-04-10,2025-04-21,BUY,598.58,558.27,-40.31,-6.73,LOSS
NYADI,2025-06-02,2025-07-27,BUY,447.87,458.71,10.84,2.42,WIN
NYADI,2025-07-28,2025-08-06,SELL,460.14,430.4,29.74,6.46,WIN
NYADI,2025-08-24,2025-09-01,BUY,426.82,416.37,-10.45,-2.45,LOSS
NYADI,2025-09-23,2025-10-13,BUY,419.0,386.0,-33.0,-7.88,LOSS
NYADI,2025-10-29,2025-11-12,BUY,421.0,387.9,-33.1,-7.86,LOSS
NYADI,2025-11-13,2025-11-17,SELL,389.9,393.0,-3.1,-0.8,LOSS
NYADI,2025-11-18,2025-12-07,BUY,404.9,394.0,-10.9,-2.69,LOSS
NYADI,2025-12-08,2025-12-14,SELL,391.0,380.2,10.8,2.76,WIN
PHCL,2025-03-02,2025-04-15,SELL,643.1,608.74,34.36,5.34,WIN
PHCL,2025-04-23,2025-04-27,BUY,581.3,566.92,-14.38,-2.47,LOSS
PHCL,2025-05-07,2025-05-25,BUY,603.99,566.55,-37.44,-6.2,LOSS
PHCL,2025-05-26,2025-06-02,SELL,562.17,571.64,-9.47,-1.68,LOSS
PHCL,2025-06-26,2025-06-29,SELL,521.07,513.17,7.9,1.52,WIN
PHCL,2025-06-30,2025-08-04,BUY,493.94,507.07,13.13,2.66,WIN
PHCL,2025-08-05,2025-08-13,SELL,503.0,488.05,14.95,2.97,WIN
PHCL,2025-10-09,2025-10-14,BUY,390.0,360.0,-30.0,-7.69,LOSS
PHCL,2025-10-30,2025-11-17,BUY,377.4,338.0,-39.4,-10.44,LOSS
PHCL,2025-11-18,2025-11-20,SELL,335.0,315.0,20.0,5.97,WIN
PMHPL,2025-03-02,2025-03-03,SELL,333.0,327.0,6.0,1.8,WIN
PMHPL,2025-03-04,2025-03-09,BUY,327.0,313.0,-14.0,-4.28,LOSS
PMHPL,2025-04-02,2025-04-17,BUY,296.09,309.98,13.89,4.69,WIN
PMHPL,2025-05-06,2025-05-13,BUY,309.79,307.1,-2.69,-0.87,LOSS
PMHPL,2025-06-08,2025-06-15,BUY,293.01,315.65,22.64,7.73,WIN
PMHPL,2025-07-07,2025-08-17,SELL,388.38,434.89,-46.51,-11.98,LOSS
PMHPL,2025-08-20,2025-08-24,BUY,408.68,392.77,-15.91,-3.89,LOSS
PMHPL,2025-08-25,2025-09-04,SELL,400.56,374.11,26.45,6.6,WIN
PMHPL,2025-10-19,2025-12-07,BUY,317.7,327.9,10.2,3.21,WIN
PMHPL,2025-12-08,2025-12-17,SELL,325.0,320.0,5.0,1.54,WIN
PPCL,2025-03-02,2025-03-16,BUY,330.9,319.0,-11.9,-3.6,LOSS
PPCL,2025-03-17,2025-03-18,SELL,318.0,331.3,-13.3,-4.18,LOSS
PPCL,2025-03-20,2025-03-23,BUY,323.52,313.36,-10.16,-3.14,LOSS
PPCL,2025-04-02,2025-04-03,SELL,317.45,318.01,-0.56,-0.18,LOSS
PPCL,2025-04-07,2025-04-17,BUY,316.47,339.18,22.71,7.18,WIN
PPCL,2025-05-06,2025-05-07,SELL,339.75,347.48,-7.73,-2.28,LOSS
PPCL,2025-05-13,2025-05-14,BUY,345.93,337.6,-8.33,-2.41,LOSS
PPCL,2025-05-15,2025-06-02,SELL,333.17,321.1,12.07,3.62,WIN
PPCL,2025-06-09,2025-06-11,SELL,330.32,331.69,-1.37,-0.41,LOSS
PPCL,2025-06-12,2025-06-24,BUY,335.33,373.17,37.84,11.28,WIN
PPCL,2025-07-08,2025-08-06,SELL,370.95,350.41,20.54,5.54,WIN
PPCL,2025-08-27,2025-08-31,BUY,345.09,327.35,-17.74,-5.14,LOSS
PPCL,2025-09-21,2025-09-23,SELL,327.93,333.9,-5.97,-1.82,LOSS
PPCL,2025-09-24,2025-10-08,BUY,326.0,301.9,-24.1,-7.39,LOSS
PPCL,2025-10-13,2025-10-29,SELL,310.0,303.0,7.0,2.26,WIN
PPCL,2025-10-30,2025-11-27,BUY,309.5,343.0,33.5,10.82,WIN
PPCL,2025-12-03,2025-12-17,SELL,326.1,339.0,-12.9,-3.96,LOSS
PPL,2025-03-02,2025-03-04,SELL,590.0,566.1,23.9,4.05,WIN
PPL,2025-03-27,2025-04-28,BUY,532.48,491.15,-41.33,-7.76,LOSS
PPL,2025-05-14,2025-06-04,BUY,514.4,475.94,-38.46,-7.48,LOSS
PPL,2025-06-10,2025-06-12,BUY,496.94,470.16,-26.78,-5.39,LOSS
PPL,2025-06-15,2025-06-16,BUY,491.7,397.2,-94.5,-19.22,LOSS
PPL,2025-07-01,2025-07-27,BUY,406.23,418.35,12.12,2.98,WIN
PPL,2025-07-31,2025-08-06,BUY,390.6,382.0,-8.6,-2.2,LOSS
PPL,2025-09-25,2025-11-04,BUY,310.1,348.2,38.1,12.29,WIN
PPL,2025-11-19,2025-12-17,SELL,332.0,323.9,8.1,2.44,WIN
RADHI,2025-05-18,2025-05-26,SELL,690.03,801.77,-111.74,-16.19,LOSS
RADHI,2025-05-27,2025-07-17,SELL,793.57,832.96,-39.39,-4.96,LOSS
RADHI,2025-07-21,2025-07-24,BUY,809.27,870.54,61.27,7.57,WIN
RADHI,2025-08-03,2025-08-17,SELL,811.12,772.43,38.69,4.77,WIN
RADHI,2025-08-31,2025-09-04,SELL,756.05,762.11,-6.06,-0.8,LOSS
RADHI,2025-09-07,2025-09-18,BUY,760.75,709.0,-51.75,-6.8,LOSS
RADHI,2025-09-23,2025-09-24,SELL,761.0,755.0,6.0,0.79,WIN
RADHI,2025-09-25,2025-10-07,BUY,746.0,709.0,-37.0,-4.96,LOSS
RADHI,2025-10-28,2025-11-06,BUY,723.0,792.0,69.0,9.54,WIN
RADHI,2025-11-17,2025-11-23,SELL,750.1,769.0,-18.9,-2.52,LOSS
RADHI,2025-11-24,2025-11-27,BUY,769.0,744.9,-24.1,-3.13,LOSS
RADHI,2025-12-02,2025-12-14,SELL,738.6,720.0,18.6,2.52,WIN
RAWA,2025-03-05,2025-03-16,SELL,891.9,872.0,19.9,2.23,WIN
RAWA,2025-03-19,2025-04-10,SELL,902.1,830.22,71.88,7.97,WIN
RAWA,2025-04-13,2025-04-15,SELL,868.63,877.75,-9.12,-1.05,LOSS
RAWA,2025-04-16,2025-04-28,BUY,878.45,851.68,-26.77,-3.05,LOSS
RAWA,2025-04-29,2025-05-05,SELL,845.74,835.0,10.74,1.27,WIN
RAWA,2025-05-20,2025-05-26,BUY,859.54,809.49,-50.05,-5.82,LOSS
RAWA,2025-05-27,2025-06-09,SELL,813.54,876.34,-62.8,-7.72,LOSS
RAWA,2025-06-10,2025-06-15,BUY,822.54,787.75,-34.79,-4.23,LOSS
RAWA,2025-06-16,2025-06-29,SELL,802.65,782.0,20.65,2.57,WIN
RAWA,2025-06-30,2025-07-17,BUY,793.71,827.37,33.66,4.24,WIN
RAWA,2025-07-28,2025-07-30,BUY,796.9,787.18,-9.72,-1.22,LOSS
RAWA,2025-08-03,2025-08-06,SELL,789.55,779.1,10.45,1.32,WIN
RAWA,2025-08-27,2025-08-28,SELL,774.92,771.83,3.09,0.4,WIN
RAWA,2025-09-01,2025-09-04,BUY,778.95,734.45,-44.5,-5.71,LOSS
RAWA,2025-09-25,2025-10-08,BUY,753.1,729.0,-24.1,-3.2,LOSS
RAWA,2025-10-28,2025-11-12,BUY,741.5,710.0,-31.5,-4.25,LOSS
RAWA,2025-11-19,2025-12-02,BUY,719.0,705.6,-13.4,-1.86,LOSS
RAWA,2025-12-07,2025-12-21,BUY,707.0,713.9,6.9,0.98,WIN
RFPL,2025-03-04,2025-03-06,SELL,830.0,810.1,19.9,2.4,WIN
RFPL,2025-04-02,2025-04-21,BUY,731.31,632.34,-98.97,-13.53,LOSS
RFPL,2025-05-26,2025-06-09,BUY,485.24,592.83,107.59,22.17,WIN
RFPL,2025-06-25,2025-07-01,SELL,565.68,582.8,-17.12,-3.03,LOSS
RFPL,2025-07-08,2025-07-09,SELL,590.2,611.79,-21.59,-3.66,LOSS
RFPL,2025-08-03,2025-08-11,SELL,674.76,406.1,268.66,39.82,WIN
RFPL,2025-09-07,2025-11-16,BUY,359.05,359.9,0.85,0.24,WIN
RFPL,2025-11-20,2025-11-27,BUY,352.0,414.0,62.0,17.61,WIN
RFPL,2025-12-10,2025-12-18,SELL,372.0,367.0,5.0,1.34,WIN
RHGCL,2025-03-03,2025-03-06,SELL,650.0,699.0,-49.0,-7.54,LOSS
RHGCL,2025-03-17,2025-03-27,SELL,635.0,537.05,97.95,15.43,WIN
RHGCL,2025-04-03,2025-05-20,BUY,536.16,356.8,-179.36,-33.45,LOSS
RHGCL,2025-06-12,2025-07-01,BUY,324.69,387.86,63.17,19.46,WIN
RHGCL,2025-07-13,2025-07-14,BUY,331.41,330.26,-1.15,-0.35,LOSS
RHGCL,2025-07-15,2025-07-24,SELL,349.62,357.8,-8.18,-2.34,LOSS
RHGCL,2025-07-28,2025-07-31,BUY,357.05,329.38,-27.67,-7.75,LOSS
RHGCL,2025-08-03,2025-08-14,SELL,326.21,305.85,20.36,6.24,WIN
RHGCL,2025-08-27,2025-09-01,BUY,303.9,285.73,-18.17,-5.98,LOSS
RHGCL,2025-09-24,2025-10-08,BUY,268.0,239.0,-29.0,-10.82,LOSS
RHGCL,2025-10-29,2025-12-07,BUY,241.0,256.0,15.0,6.22,WIN
RHGCL,2025-12-08,2025-12-14,SELL,256.0,248.0,8.0,3.12,WIN
RHPL,2025-04-02,2025-04-17,BUY,384.5,400.64,16.14,4.2,WIN
RHPL,2025-05-05,2025-05-14,BUY,388.95,384.48,-4.47,-1.15,LOSS
RHPL,2025-05-20,2025-05-28,SELL,391.12,379.61,11.51,2.94,WIN
RHPL,2025-06-08,2025-06-15,BUY,389.77,422.03,32.26,8.28,WIN
RHPL,2025-06-22,2025-06-23,BUY,380.43,380.31,-0.12,-0.03,LOSS
RHPL,2025-06-24,2025-07-08,SELL,373.03,350.65,22.38,6.0,WIN
RHPL,2025-07-21,2025-08-05,BUY,349.71,328.6,-21.11,-6.04,LOSS
RHPL,2025-08-21,2025-09-01,BUY,321.43,294.21,-27.22,-8.47,LOSS
RHPL,2025-09-23,2025-10-12,BUY,293.0,271.0,-22.0,-7.51,LOSS
RHPL,2025-10-13,2025-10-15,BUY,284.0,263.3,-20.7,-7.29,LOSS
RHPL,2025-10-29,2025-12-02,BUY,265.1,290.0,24.9,9.39,WIN
RHPL,2025-12-15,2025-12-18,BUY,273.9,272.0,-1.9,-0.69,LOSS
RHPL,2025-12-21,2025-12-23,SELL,270.0,268.9,1.1,0.41,WIN
RIDI,2025-03-10,2025-03-11,BUY,234.6,230.7,-3.9,-1.66,LOSS
RIDI,2025-03-12,2025-03-20,SELL,231.0,223.64,7.36,3.19,WIN
RIDI,2025-04-03,2025-04-07,BUY,222.68,218.99,-3.69,-1.66,LOSS
RIDI,2025-04-10,2025-04-17,BUY,220.13,232.23,12.1,5.5,WIN
RIDI,2025-04-23,2025-04-30,BUY,224.13,251.31,27.18,12.13,WIN
RIDI,2025-05-19,2025-06-12,SELL,260.67,278.54,-17.87,-6.86,LOSS
RIDI,2025-06-22,2025-07-03,SELL,259.8,259.34,0.46,0.18,WIN
RIDI,2025-07-10,2025-07-13,SELL,257.03,255.24,1.79,0.7,WIN
RIDI,2025-07-15,2025-07-17,SELL,259.04,270.25,-11.21,-4.33,LOSS
RIDI,2025-08-03,2025-08-12,SELL,259.64,251.65,7.99,3.08,WIN
RIDI,2025-09-23,2025-09-24,SELL,245.0,236.0,9.0,3.67,WIN
RIDI,2025-09-25,2025-10-14,BUY,235.0,222.0,-13.0,-5.53,LOSS
RIDI,2025-10-15,2025-10-28,SELL,220.1,232.0,-11.9,-5.41,LOSS
RIDI,2025-10-29,2025-12-02,BUY,226.5,225.0,-1.5,-0.66,LOSS
RIDI,2025-12-03,2025-12-14,SELL,224.9,220.9,4.0,1.78,WIN
RURU,2025-03-11,2025-03-12,BUY,775.0,777.5,2.5,0.32,WIN
RURU,2025-03-16,2025-03-24,SELL,770.0,736.8,33.2,4.31,WIN
RURU,2025-04-15,2025-04-16,SELL,723.22,741.18,-17.96,-2.48,LOSS
RURU,2025-04-22,2025-04-28,BUY,740.01,709.62,-30.39,-4.11,LOSS
RURU,2025-04-29,2025-05-08,SELL,713.16,716.43,-3.27,-0.46,LOSS
RURU,2025-05-11,2025-05-13,BUY,709.88,702.32,-7.56,-1.06,LOSS
RURU,2025-05-20,2025-06-04,BUY,711.05,680.57,-30.48,-4.29,LOSS
RURU,2025-06-08,2025-06-12,BUY,689.92,749.36,59.44,8.62,WIN
RURU,2025-06-26,2025-07-02,SELL,712.89,721.12,-8.23,-1.15,LOSS
RURU,2025-07-03,2025-07-06,BUY,719.05,713.04,-6.01,-0.84,LOSS
RURU,2025-07-08,2025-07-16,SELL,714.25,728.94,-14.69,-2.06,LOSS
RURU,2025-08-03,2025-08-14,SELL,750.26,741.56,8.7,1.16,WIN
RURU,2025-08-25,2025-09-08,SELL,743.58,710.1,33.48,4.5,WIN
RURU,2025-09-23,2025-09-28,SELL,726.0,725.5,0.5,0.07,WIN
RURU,2025-10-07,2025-10-15,BUY,733.0,700.0,-33.0,-4.5,LOSS
RURU,2025-10-16,2025-10-30,SELL,689.9,720.9,-31.0,-4.49,LOSS
RURU,2025-11-02,2025-11-09,BUY,727.0,830.0,103.0,14.17,WIN
RURU,2025-11-20,2025-12-03,SELL,757.9,740.0,17.9,2.36,WIN
SAHAS,2025-03-09,2025-03-11,BUY,512.0,508.0,-4.0,-0.78,LOSS
SAHAS,2025-03-12,2025-03-23,SELL,510.0,495.28,14.72,2.89,WIN
SAHAS,2025-04-02,2025-04-03,SELL,504.2,503.65,0.55,0.11,WIN
SAHAS,2025-04-07,2025-04-08,BUY,499.83,498.15,-1.68,-0.34,LOSS
SAHAS,2025-04-10,2025-04-17,BUY,499.55,514.48,14.93,2.99,WIN
SAHAS,2025-04-23,2025-04-27,BUY,501.55,498.08,-3.47,-0.69,LOSS
SAHAS,2025-04-28,2025-05-05,SELL,498.3,503.65,-5.35,-1.07,LOSS
SAHAS,2025-05-14,2025-05-20,BUY,512.34,532.99,20.65,4.03,WIN
SAHAS,2025-06-03,2025-06-09,SELL,519.17,533.34,-14.17,-2.73,LOSS
SAHAS,2025-06-23,2025-06-26,SELL,545.53,565.05,-19.52,-3.58,LOSS
SAHAS,2025-07-13,2025-07-15,SELL,592.15,619.02,-26.87,-4.54,LOSS
SAHAS,2025-08-05,2025-08-14,SELL,669.8,641.82,27.98,4.18,WIN
SAHAS,2025-08-27,2025-09-18,SELL,660.54,590.0,70.54,10.68,WIN
SAHAS,2025-09-21,2025-09-28,SELL,628.03,657.0,-28.97,-4.61,LOSS
SAHAS,2025-10-07,2025-10-08,BUY,636.0,620.1,-15.9,-2.5,LOSS
SAHAS,2025-10-16,2025-10-28,SELL,614.9,647.0,-32.1,-5.22,LOSS
SAHAS,2025-10-29,2025-11-06,BUY,654.0,664.8,10.8,1.65,WIN
SAHAS,2025-11-19,2025-11-23,BUY,680.0,562.1,-117.9,-17.34,LOSS
SANVI,2025-08-12,2025-08-21,SELL,723.42,729.67,-6.25,-0.86,LOSS
SANVI,2025-10-19,2025-10-29,SELL,559.9,590.0,-30.1,-5.38,LOSS
SANVI,2025-10-30,2025-11-26,BUY,603.0,657.0,54.0,8.96,WIN
SANVI,2025-12-10,2025-12-11,BUY,648.8,637.7,-11.1,-1.71,LOSS
SGHC,2025-03-24,2025-04-15,BUY,533.03,504.19,-28.84,-5.41,LOSS
SGHC,2025-04-17,2025-04-20,BUY,511.45,502.73,-8.72,-1.7,LOSS
SGHC,2025-04-22,2025-04-23,BUY,511.25,495.31,-15.94,-3.12,LOSS
SGHC,2025-05-08,2025-05-22,BUY,497.58,442.63,-54.95,-11.04,LOSS
SGHC,2025-06-10,2025-06-30,BUY,426.5,393.45,-33.05,-7.75,LOSS
SGHC,2025-07-02,2025-07-24,BUY,421.21,462.7,41.49,9.85,WIN
SGHC,2025-08-06,2025-08-14,SELL,428.83,391.4,37.43,8.73,WIN
SGHC,2025-09-25,2025-10-12,BUY,338.0,312.0,-26.0,-7.69,LOSS
SGHC,2025-10-28,2025-11-13,BUY,322.0,366.3,44.3,13.76,WIN
SHEL,2025-03-10,2025-03-11,BUY,260.2,255.0,-5.2,-2.0,LOSS
SHEL,2025-03-12,2025-03-23,SELL,263.5,245.33,18.17,6.9,WIN
SHEL,2025-04-02,2025-04-16,SELL,254.17,257.68,-3.51,-1.38,LOSS
SHEL,2025-04-20,2025-05-08,BUY,252.8,294.83,42.03,16.63,WIN
SHEL,2025-05-14,2025-05-18,BUY,265.97,262.21,-3.76,-1.41,LOSS
SHEL,2025-05-19,2025-06-09,SELL,265.14,274.65,-9.51,-3.59,LOSS
SHEL,2025-06-29,2025-07-08,SELL,291.88,286.57,5.31,1.82,WIN
SHEL,2025-07-17,2025-07-20,SELL,297.0,297.13,-0.13,-0.04,LOSS
SHEL,2025-08-05,2025-08-19,SELL,311.9,304.98,6.92,2.22,WIN
SHEL,2025-08-27,2025-09-18,SELL,317.24,275.0,42.24,13.31,WIN
SHEL,2025-09-23,2025-10-26,SELL,299.1,268.0,31.1,10.4,WIN
SHEL,2025-10-28,2025-11-16,BUY,290.0,281.3,-8.7,-3.0,LOSS
SHEL,2025-11-17,2025-11-19,SELL,285.0,287.0,-2.0,-0.7,LOSS
SHEL,2025-11-23,2025-12-07,BUY,294.7,288.9,-5.8,-1.97,LOSS
SHEL,2025-12-08,2025-12-22,SELL,285.8,272.0,13.8,4.83,WIN
SHPC,2025-03-02,2025-03-09,BUY,519.0,490.0,-29.0,-5.59,LOSS
SHPC,2025-03-30,2025-04-17,BUY,479.9,514.67,34.77,7.25,WIN
SHPC,2025-05-15,2025-05-28,SELL,576.97,568.66,8.31,1.44,WIN
SHPC,2025-06-05,2025-06-10,SELL,564.89,591.78,-26.89,-4.76,LOSS
SHPC,2025-06-23,2025-07-03,SELL,612.13,598.17,13.96,2.28,WIN
SHPC,2025-07-10,2025-07-16,SELL,593.14,626.91,-33.77,-5.69,LOSS
SHPC,2025-07-30,2025-08-06,SELL,614.8,589.81,24.99,4.06,WIN
SHPC,2025-08-28,2025-09-03,BUY,562.37,548.16,-14.21,-2.53,LOSS
SHPC,2025-09-23,2025-09-28,SELL,546.0,535.9,10.1,1.85,WIN
SHPC,2025-10-19,2025-10-28,SELL,490.2,510.0,-19.8,-4.04,LOSS
SHPC,2025-10-29,2025-11-27,BUY,504.0,533.0,29.0,5.75,WIN
SHPC,2025-12-14,2025-12-23,SELL,521.0,518.0,3.0,0.58,WIN
SIKLES,2025-03-04,2025-03-11,SELL,1366.8,1183.0,183.8,13.45,WIN
SIKLES,2025-04-02,2025-04-20,SELL,1165.55,1086.08,79.47,6.82,WIN
SIKLES,2025-04-21,2025-04-23,BUY,1066.96,1036.47,-30.49,-2.86,LOSS
SIKLES,2025-04-28,2025-05-05,BUY,1037.98,995.5,-42.48,-4.09,LOSS
SIKLES,2025-05-07,2025-05-18,BUY,1016.26,945.55,-70.71,-6.96,LOSS
SIKLES,2025-06-10,2025-06-23,BUY,920.8,832.85,-87.95,-9.55,LOSS
SIKLES,2025-06-24,2025-06-29,SELL,841.85,853.11,-11.26,-1.34,LOSS
SIKLES,2025-06-30,2025-07-23,BUY,874.02,938.37,64.35,7.36,WIN
SIKLES,2025-08-13,2025-08-14,BUY,957.96,957.1,-0.86,-0.09,LOSS
SIKLES,2025-08-17,2025-08-27,SELL,931.65,865.47,66.18,7.1,WIN
SIKLES,2025-10-19,2025-10-26,SELL,633.0,631.0,2.0,0.32,WIN
SIKLES,2025-10-29,2025-12-07,BUY,642.8,572.0,-70.8,-11.01,LOSS
SJCL,2025-03-02,2025-03-11,BUY,373.3,342.9,-30.4,-8.14,LOSS
SJCL,2025-03-12,2025-03-23,SELL,341.5,324.24,17.26,5.05,WIN
SJCL,2025-04-07,2025-05-15,BUY,321.19,319.84,-1.35,-0.42,LOSS
SJCL,2025-05-20,2025-05-28,SELL,324.72,321.62,3.1,0.95,WIN
SJCL,2025-06-08,2025-06-15,BUY,322.01,340.05,18.04,5.6,WIN
SJCL,2025-06-23,2025-06-24,BUY,321.2,320.27,-0.93,-0.29,LOSS
SJCL,2025-06-25,2025-07-03,SELL,322.21,326.48,-4.27,-1.33,LOSS
SJCL,2025-07-14,2025-07-17,SELL,318.4,327.07,-8.67,-2.72,LOSS
SJCL,2025-07-21,2025-08-03,BUY,325.33,321.78,-3.55,-1.09,LOSS
SJCL,2025-08-04,2025-08-12,SELL,320.76,313.07,7.69,2.4,WIN
SJCL,2025-08-31,2025-09-07,BUY,305.21,293.79,-11.42,-3.74,LOSS
SJCL,2025-09-25,2025-10-13,BUY,294.9,282.0,-12.9,-4.37,LOSS
SJCL,2025-10-19,2025-10-30,SELL,272.0,280.0,-8.0,-2.94,LOSS
SJCL,2025-11-02,2025-11-12,BUY,285.0,293.7,8.7,3.05,WIN
SJCL,2025-11-19,2025-12-14,BUY,282.4,288.0,5.6,1.98,WIN
SMH,2025-02-25,2025-02-27,SELL,1071.1,1081.8,-10.7,-1.0,LOSS
SMH,2025-03-02,2025-03-03,BUY,1067.8,1069.0,1.2,0.11,WIN
SMH,2025-03-04,2025-03-11,SELL,1050.0,1019.9,30.1,2.87,WIN
SMH,2025-04-10,2025-04-17,BUY,923.37,954.31,30.94,3.35,WIN
SMH,2025-04-20,2025-04-28,BUY,920.38,881.59,-38.79,-4.21,LOSS
SMH,2025-05-19,2025-06-19,BUY,890.0,826.9,-63.1,-7.09,LOSS
SMH,2025-06-23,2025-06-24,SELL,821.5,815.14,6.36,0.77,WIN
SMH,2025-07-01,2025-07-17,BUY,825.1,918.78,93.68,11.35,WIN
SMH,2025-08-03,2025-08-12,SELL,892.67,863.32,29.35,3.29,WIN
SMH,2025-08-20,2025-08-21,SELL,897.19,898.97,-1.78,-0.2,LOSS
SMH,2025-08-24,2025-09-01,BUY,894.8,875.79,-19.01,-2.12,LOSS
SMH,2025-09-02,2025-09-21,SELL,863.11,824.0,39.11,4.53,WIN
SMH,2025-09-23,2025-09-25,SELL,889.0,889.8,-0.8,-0.09,LOSS
SMH,2025-09-28,2025-10-08,BUY,889.7,834.8,-54.9,-6.17,LOSS
SMH,2025-10-14,2025-10-29,SELL,845.0,770.0,75.0,8.88,WIN
SMH,2025-11-18,2025-11-24,BUY,750.0,815.0,65.0,8.67,WIN
SMH,2025-12-09,2025-12-14,BUY,760.0,765.0,5.0,0.66,WIN
SMHL,2025-02-27,2025-03-03,SELL,1053.8,1034.9,18.9,1.79,WIN
SMHL,2025-04-03,2025-04-17,BUY,963.49,1070.9,107.41,11.15,WIN
SMHL,2025-04-27,2025-05-06,BUY,971.72,945.06,-26.66,-2.74,LOSS
SMHL,2025-05-07,2025-05-28,SELL,975.03,963.97,11.06,1.13,WIN
SMHL,2025-06-02,2025-06-08,BUY,956.54,1058.72,102.18,10.68,WIN
SMHL,2025-06-19,2025-06-22,BUY,999.74,962.23,-37.51,-3.75,LOSS
SMHL,2025-06-23,2025-07-15,SELL,951.87,1064.99,-113.12,-11.88,LOSS
SMHL,2025-08-06,2025-08-18,SELL,1064.59,958.69,105.9,9.95,WIN
SMHL,2025-09-23,2025-10-09,BUY,917.9,817.0,-100.9,-10.99,LOSS
SMHL,2025-10-29,2025-11-16,BUY,818.9,770.0,-48.9,-5.97,LOSS
SMHL,2025-11-23,2025-12-02,BUY,795.0,759.0,-36.0,-4.53,LOSS
SMHL,2025-12-09,2025-12-11,SELL,772.9,722.9,50.0,6.47,WIN
SMJC,2025-03-16,2025-03-26,SELL,645.0,585.64,59.36,9.2,WIN
SMJC,2025-04-20,2025-04-22,BUY,576.17,559.93,-16.24,-2.82,LOSS
SMJC,2025-05-20,2025-06-25,BUY,523.1,521.21,-1.89,-0.36,LOSS
SMJC,2025-06-26,2025-06-29,SELL,521.36,534.5,-13.14,-2.52,LOSS
SMJC,2025-06-30,2025-07-06,BUY,530.05,520.52,-9.53,-1.8,LOSS
SMJC,2025-07-09,2025-07-10,SELL,530.18,530.41,-0.23,-0.04,LOSS
SMJC,2025-07-14,2025-07-15,SELL,521.41,528.21,-6.8,-1.3,LOSS
SMJC,2025-08-06,2025-08-17,SELL,608.31,565.6,42.71,7.02,WIN
SMJC,2025-09-25,2025-10-08,BUY,559.0,519.0,-40.0,-7.16,LOSS
SMJC,2025-10-30,2025-11-26,BUY,521.0,518.6,-2.4,-0.46,LOSS
SMJC,2025-12-10,2025-12-18,SELL,504.9,496.0,8.9,1.76,WIN
SPC,2025-04-01,2025-05-18,BUY,540.69,511.77,-28.92,-5.35,LOSS
SPC,2025-05-20,2025-05-25,BUY,533.68,507.91,-25.77,-4.83,LOSS
SPC,2025-06-09,2025-06-23,BUY,511.8,486.91,-24.89,-4.86,LOSS
SPC,2025-06-25,2025-06-26,SELL,496.76,521.5,-24.74,-4.98,LOSS
SPC,2025-06-29,2025-07-13,BUY,517.98,509.16,-8.82,-1.7,LOSS
SPC,2025-07-14,2025-07-16,SELL,506.7,538.17,-31.47,-6.21,LOSS
SPC,2025-07-21,2025-07-24,BUY,532.22,572.6,40.38,7.59,WIN
SPC,2025-08-03,2025-09-03,SELL,541.97,500.51,41.46,7.65,WIN
SPC,2025-09-25,2025-10-07,BUY,511.1,485.1,-26.0,-5.09,LOSS
SPC,2025-10-29,2025-11-25,BUY,469.9,491.8,21.9,4.66,WIN
SPC,2025-12-15,2025-12-17,SELL,483.9,506.0,-22.1,-4.57,LOSS
SPDL,2025-03-02,2025-03-06,SELL,367.0,352.9,14.1,3.84,WIN
SPDL,2025-04-03,2025-04-17,BUY,325.49,342.47,16.98,5.22,WIN
SPDL,2025-05-15,2025-06-09,SELL,367.46,390.77,-23.31,-6.34,LOSS
SPDL,2025-06-25,2025-07-08,SELL,421.66,397.54,24.12,5.72,WIN
SPDL,2025-07-14,2025-07-17,SELL,411.44,428.53,-17.09,-4.15,LOSS
SPDL,2025-07-21,2025-07-24,BUY,421.95,438.0,16.05,3.8,WIN
SPDL,2025-07-31,2025-08-14,SELL,410.49,406.46,4.03,0.98,WIN
SPDL,2025-08-27,2025-09-08,SELL,412.37,402.65,9.72,2.36,WIN
SPDL,2025-09-21,2025-09-28,SELL,392.26,402.0,-9.74,-2.48,LOSS
SPDL,2025-10-12,2025-10-15,BUY,387.0,377.0,-10.0,-2.58,LOSS
SPDL,2025-10-19,2025-10-30,SELL,378.3,412.0,-33.7,-8.91,LOSS
SPDL,2025-11-04,2025-11-16,BUY,423.9,404.9,-19.0,-4.48,LOSS
SPDL,2025-11-17,2025-11-19,SELL,412.0,421.0,-9.0,-2.18,LOSS
SPDL,2025-11-20,2025-12-01,BUY,419.7,415.2,-4.5,-1.07,LOSS
SPDL,2025-12-02,2025-12-28,SELL,423.0,430.2,-7.2,-1.7,LOSS
SPHL,2025-03-27,2025-04-23,BUY,798.7,740.0,-58.7,-7.35,LOSS
SPHL,2025-05-18,2025-05-27,BUY,699.16,665.0,-34.16,-4.89,LOSS
SPHL,2025-06-08,2025-06-23,BUY,683.84,650.0,-33.84,-4.95,LOSS
SPHL,2025-07-03,2025-07-27,BUY,673.51,684.39,10.88,1.62,WIN
SPHL,2025-08-05,2025-08-11,SELL,678.0,633.27,44.73,6.6,WIN
SPHL,2025-09-24,2025-10-15,BUY,560.0,489.1,-70.9,-12.66,LOSS
SPHL,2025-10-19,2025-10-28,SELL,494.0,504.6,-10.6,-2.15,LOSS
SPHL,2025-10-29,2025-11-25,BUY,504.7,555.0,50.3,9.97,WIN
SPHL,2025-12-11,2025-12-17,SELL,530.0,555.0,-25.0,-4.72,LOSS
SPL,2025-04-01,2025-04-29,BUY,884.66,824.49,-60.17,-6.8,LOSS
SPL,2025-05-11,2025-05-13,BUY,825.44,808.4,-17.04,-2.06,LOSS
SPL,2025-05-20,2025-07-09,BUY,811.55,825.08,13.53,1.67,WIN
SPL,2025-08-05,2025-08-19,SELL,950.0,925.89,24.11,2.54,WIN
SPL,2025-08-25,2025-08-28,SELL,944.87,967.31,-22.44,-2.37,LOSS
SPL,2025-08-31,2025-09-01,BUY,951.53,943.32,-8.21,-0.86,LOSS
SPL,2025-09-02,2025-09-24,SELL,937.21,990.0,-52.79,-5.63,LOSS
SPL,2025-09-28,2025-10-08,BUY,960.0,901.0,-59.0,-6.15,LOSS
SPL,2025-10-14,2025-10-19,SELL,984.6,942.0,42.6,4.33,WIN
SPL,2025-10-26,2025-10-28,SELL,923.2,936.0,-12.8,-1.39,LOSS
SPL,2025-10-29,2025-11-11,BUY,939.0,943.0,4.0,0.43,WIN
SPL,2025-11-12,2025-11-24,SELL,910.0,963.9,-53.9,-5.92,LOSS
SPL,2025-11-25,2025-11-27,BUY,960.0,923.1,-36.9,-3.84,LOSS
SPL,2025-12-02,2025-12-14,SELL,915.1,848.0,67.1,7.33,WIN
SSHL,2025-03-10,2025-03-12,BUY,244.0,240.0,-4.0,-1.64,LOSS
SSHL,2025-03-16,2025-03-25,SELL,236.5,225.0,11.5,4.86,WIN
SSHL,2025-04-10,2025-04-17,BUY,232.01,243.48,11.47,4.94,WIN
SSHL,2025-04-23,2025-04-29,BUY,236.85,230.26,-6.59,-2.78,LOSS
SSHL,2025-05-04,2025-05-05,BUY,236.26,232.69,-3.57,-1.51,LOSS
SSHL,2025-05-06,2025-05-14,BUY,236.59,230.97,-5.62,-2.38,LOSS
SSHL,2025-05-18,2025-05-28,SELL,230.58,232.05,-1.47,-0.64,LOSS
SSHL,2025-06-09,2025-06-11,SELL,229.98,231.57,-1.59,-0.69,LOSS
SSHL,2025-06-12,2025-06-19,BUY,230.22,245.21,14.99,6.51,WIN
SSHL,2025-07-09,2025-07-13,BUY,251.62,246.19,-5.43,-2.16,LOSS
SSHL,2025-07-14,2025-07-17,SELL,248.14,263.69,-15.55,-6.27,LOSS
SSHL,2025-09-01,2025-09-18,BUY,186.29,158.5,-27.79,-14.92,LOSS
SSHL,2025-09-21,2025-12-21,BUY,174.3,155.0,-19.3,-11.07,LOSS
TAMOR,2025-03-03,2025-03-09,BUY,574.0,563.0,-11.0,-1.92,LOSS
TAMOR,2025-04-03,2025-04-17,BUY,518.64,542.17,23.53,4.54,WIN
TAMOR,2025-04-22,2025-04-29,BUY,525.92,509.84,-16.08,-3.06,LOSS
TAMOR,2025-05-07,2025-05-15,BUY,539.96,504.95,-35.01,-6.48,LOSS
TAMOR,2025-05-20,2025-05-25,BUY,520.34,505.63,-14.71,-2.83,LOSS
TAMOR,2025-05-26,2025-05-27,BUY,507.26,502.79,-4.47,-0.88,LOSS
TAMOR,2025-06-09,2025-06-10,SELL,500.76,507.2,-6.44,-1.29,LOSS
TAMOR,2025-06-11,2025-06-15,BUY,512.29,559.88,47.59,9.29,WIN
TAMOR,2025-06-22,2025-06-25,BUY,502.56,514.26,11.7,2.33,WIN
TAMOR,2025-06-26,2025-07-16,SELL,512.08,517.53,-5.45,-1.06,LOSS
TAMOR,2025-07-17,2025-07-22,BUY,529.71,539.32,9.61,1.81,WIN
TAMOR,2025-07-31,2025-08-14,SELL,523.47,514.74,8.73,1.67,WIN
TAMOR,2025-08-26,2025-09-08,SELL,508.2,495.78,12.42,2.44,WIN
TAMOR,2025-09-23,2025-09-28,SELL,507.0,499.0,8.0,1.58,WIN
TAMOR,2025-10-19,2025-10-30,SELL,455.0,483.0,-28.0,-6.15,LOSS
TAMOR,2025-11-02,2025-12-09,BUY,489.0,467.5,-21.5,-4.4,LOSS
TAMOR,2025-12-10,2025-12-17,SELL,464.5,461.6,2.9,0.62,WIN
TPC,2025-03-02,2025-03-23,SELL,623.0,516.37,106.63,17.12,WIN
TPC,2025-04-01,2025-04-23,BUY,535.49,588.6,53.11,9.92,WIN
TPC,2025-05-14,2025-05-19,BUY,578.11,381.7,-196.41,-33.97,LOSS
TPC,2025-06-11,2025-06-25,BUY,350.39,404.44,54.05,15.43,WIN
TPC,2025-07-15,2025-07-16,BUY,385.92,385.89,-0.03,-0.01,LOSS
TPC,2025-07-17,2025-08-04,BUY,401.66,392.7,-8.96,-2.23,LOSS
TPC,2025-08-05,2025-08-14,SELL,382.0,366.81,15.19,3.98,WIN
TPC,2025-09-23,2025-10-09,BUY,349.9,317.0,-32.9,-9.4,LOSS
TPC,2025-10-30,2025-11-12,BUY,304.0,326.9,22.9,7.53,WIN
TPC,2025-11-20,2025-11-26,BUY,334.9,356.0,21.1,6.3,WIN
TPC,2025-12-14,2025-12-18,BUY,347.0,350.0,3.0,0.86,WIN
TSHL,2025-04-03,2025-04-27,BUY,819.24,754.92,-64.32,-7.85,LOSS
TSHL,2025-05-05,2025-05-14,BUY,774.21,724.65,-49.56,-6.4,LOSS
TSHL,2025-05-21,2025-05-26,SELL,725.0,701.66,23.34,3.22,WIN
TSHL,2025-06-05,2025-06-19,BUY,683.45,666.7,-16.75,-2.45,LOSS
TSHL,2025-07-02,2025-07-16,BUY,663.69,731.7,68.01,10.25,WIN
TSHL,2025-08-06,2025-08-25,SELL,847.77,813.38,34.39,4.06,WIN
TSHL,2025-08-28,2025-09-08,SELL,853.2,736.41,116.79,13.69,WIN
TSHL,2025-09-23,2025-10-07,SELL,834.1,840.0,-5.9,-0.71,LOSS
TSHL,2025-10-08,2025-10-12,BUY,880.0,764.0,-116.0,-13.18,LOSS
TSHL,2025-11-06,2025-12-09,BUY,713.8,719.9,6.1,0.85,WIN
TSHL,2025-12-14,2025-12-23,BUY,716.0,692.0,-24.0,-3.35,LOSS
TVCL,2025-03-02,2025-03-06,SELL,596.9,575.0,21.9,3.67,WIN
TVCL,2025-03-30,2025-05-05,BUY,537.97,508.51,-29.46,-5.48,LOSS
TVCL,2025-06-08,2025-07-08,BUY,469.62,486.96,17.34,3.69,WIN
TVCL,2025-07-09,2025-07-22,SELL,487.43,513.07,-25.64,-5.26,LOSS
TVCL,2025-07-23,2025-07-31,BUY,507.91,490.02,-17.89,-3.52,LOSS
TVCL,2025-08-03,2025-08-14,SELL,485.49,482.63,2.86,0.59,WIN
TVCL,2025-09-25,2025-10-09,BUY,469.0,444.8,-24.2,-5.16,LOSS
TVCL,2025-11-02,2025-12-16,BUY,435.9,416.0,-19.9,-4.57,LOSS
TVCL,2025-12-17,2025-12-24,SELL,414.9,399.0,15.9,3.83,WIN
UHEWA,2025-03-04,2025-03-06,BUY,926.0,878.0,-48.0,-5.18,LOSS
UHEWA,2025-03-10,2025-03-24,SELL,846.2,805.55,40.65,4.8,WIN
UHEWA,2025-04-28,2025-05-19,BUY,654.4,570.69,-83.71,-12.79,LOSS
UHEWA,2025-05-27,2025-07-06,BUY,602.91,579.73,-23.18,-3.84,LOSS
UHEWA,2025-07-08,2025-07-16,BUY,553.32,600.29,46.97,8.49,WIN
UHEWA,2025-08-03,2025-08-12,SELL,601.92,585.64,16.28,2.7,WIN
UHEWA,2025-08-17,2025-09-04,SELL,613.45,566.51,46.94,7.65,WIN
UHEWA,2025-09-24,2025-09-25,SELL,592.5,599.2,-6.7,-1.13,LOSS
UHEWA,2025-09-28,2025-10-08,BUY,603.0,556.0,-47.0,-7.79,LOSS
UHEWA,2025-10-26,2025-10-29,SELL,545.0,553.0,-8.0,-1.47,LOSS
UHEWA,2025-10-30,2025-11-27,BUY,574.0,612.0,38.0,6.62,WIN
UHEWA,2025-12-07,2025-12-23,SELL,588.0,618.0,-30.0,-5.1,LOSS
ULHC,2025-03-30,2025-04-28,BUY,530.83,494.42,-36.41,-6.86,LOSS
ULHC,2025-05-08,2025-05-18,BUY,498.16,464.05,-34.11,-6.85,LOSS
ULHC,2025-05-20,2025-06-03,BUY,490.38,459.5,-30.88,-6.3,LOSS
ULHC,2025-06-11,2025-06-19,BUY,489.51,456.3,-33.21,-6.78,LOSS
ULHC,2025-06-23,2025-06-30,SELL,456.43,457.54,-1.11,-0.24,LOSS
ULHC,2025-07-01,2025-07-21,BUY,463.12,516.21,53.09,11.46,WIN
ULHC,2025-08-03,2025-08-11,SELL,502.79,480.68,22.11,4.4,WIN
ULHC,2025-08-18,2025-08-19,SELL,518.44,506.9,11.54,2.23,WIN
ULHC,2025-08-20,2025-08-21,BUY,506.63,491.25,-15.38,-3.04,LOSS
ULHC,2025-08-25,2025-09-07,SELL,490.79,463.89,26.9,5.48,WIN
ULHC,2025-09-24,2025-09-25,SELL,479.9,480.0,-0.1,-0.02,LOSS
ULHC,2025-09-28,2025-10-08,BUY,481.0,458.0,-23.0,-4.78,LOSS
ULHC,2025-10-09,2025-10-12,BUY,470.8,443.0,-27.8,-5.9,LOSS
ULHC,2025-11-02,2025-12-21,BUY,455.0,460.0,5.0,1.1,WIN
UMHL,2025-03-25,2025-03-26,BUY,437.6,438.79,1.19,0.27,WIN
UMHL,2025-03-27,2025-04-10,SELL,435.85,460.15,-24.3,-5.58,LOSS
UMHL,2025-05-20,2025-06-17,SELL,507.42,537.88,-30.46,-6.0,LOSS
UMHL,2025-07-13,2025-08-07,SELL,549.98,586.61,-36.63,-6.66,LOSS
UMHL,2025-08-21,2025-09-02,SELL,574.48,576.02,-1.54,-0.27,LOSS
UMHL,2025-10-29,2025-11-25,BUY,533.0,541.2,8.2,1.54,WIN
UMHL,2025-12-15,2025-12-22,SELL,567.0,559.0,8.0,1.41,WIN
UMRH,2025-03-02,2025-03-10,SELL,720.0,666.0,54.0,7.5,WIN
UMRH,2025-04-13,2025-04-17,BUY,592.87,631.73,38.86,6.55,WIN
UMRH,2025-04-20,2025-04-30,BUY,614.83,577.15,-37.68,-6.13,LOSS
UMRH,2025-05-07,2025-05-15,BUY,585.54,556.38,-29.16,-4.98,LOSS
UMRH,2025-05-20,2025-06-12,BUY,566.36,617.2,50.84,8.98,WIN
UMRH,2025-06-22,2025-06-25,BUY,573.05,580.14,7.09,1.24,WIN
UMRH,2025-07-01,2025-07-06,BUY,584.62,580.63,-3.99,-0.68,LOSS
UMRH,2025-07-08,2025-07-10,SELL,581.61,593.42,-11.81,-2.03,LOSS
UMRH,2025-08-03,2025-09-04,SELL,624.02,578.97,45.05,7.22,WIN
UMRH,2025-09-25,2025-10-08,BUY,595.0,564.0,-31.0,-5.21,LOSS
UMRH,2025-10-29,2025-11-13,BUY,565.0,536.0,-29.0,-5.13,LOSS
UMRH,2025-11-16,2025-11-17,SELL,545.0,549.9,-4.9,-0.9,LOSS
UMRH,2025-11-18,2025-12-03,BUY,551.5,572.0,20.5,3.72,WIN
UMRH,2025-12-14,2025-12-15,BUY,565.9,556.0,-9.9,-1.75,LOSS
UNHPL,2025-03-02,2025-03-10,BUY,357.4,337.0,-20.4,-5.71,LOSS
UNHPL,2025-04-02,2025-04-17,BUY,314.07,335.67,21.6,6.88,WIN
UNHPL,2025-05-13,2025-05-15,BUY,340.52,328.88,-11.64,-3.42,LOSS
UNHPL,2025-05-20,2025-06-02,SELL,334.63,326.17,8.46,2.53,WIN
UNHPL,2025-07-07,2025-08-06,SELL,419.72,382.43,37.29,8.88,WIN
UNHPL,2025-08-19,2025-08-24,BUY,397.26,381.02,-16.24,-4.09,LOSS
UNHPL,2025-08-25,2025-08-26,SELL,388.82,388.32,0.5,0.13,WIN
UNHPL,2025-08-28,2025-09-08,BUY,392.36,463.92,71.56,18.24,WIN
UNHPL,2025-10-15,2025-10-28,SELL,473.0,515.0,-42.0,-8.88,LOSS
UNHPL,2025-11-13,2025-11-26,SELL,525.0,507.0,18.0,3.43,WIN
UNHPL,2025-12-17,2025-12-23,SELL,504.9,489.0,15.9,3.15,WIN
UPCL,2025-03-10,2025-03-16,BUY,311.0,302.9,-8.1,-2.6,LOSS
UPCL,2025-03-17,2025-03-25,SELL,301.0,278.13,22.87,7.6,WIN
UPCL,2025-04-07,2025-04-15,BUY,297.46,307.59,10.13,3.41,WIN
UPCL,2025-05-19,2025-05-27,SELL,398.68,454.94,-56.26,-14.11,LOSS
UPCL,2025-06-04,2025-06-05,SELL,440.27,468.62,-28.35,-6.44,LOSS
UPCL,2025-06-12,2025-06-25,SELL,466.85,409.49,57.36,12.29,WIN
UPCL,2025-07-10,2025-07-17,SELL,405.92,426.42,-20.5,-5.05,LOSS
UPCL,2025-08-03,2025-08-12,SELL,415.36,395.41,19.95,4.8,WIN
UPCL,2025-09-01,2025-09-07,SELL,387.46,400.63,-13.17,-3.4,LOSS
UPCL,2025-09-18,2025-10-07,BUY,382.0,375.4,-6.6,-1.73,LOSS
UPCL,2025-10-13,2025-10-26,SELL,365.0,349.2,15.8,4.33,WIN
UPCL,2025-10-30,2025-11-16,BUY,384.0,358.0,-26.0,-6.77,LOSS
UPCL,2025-11-17,2025-12-17,BUY,364.9,369.0,4.1,1.12,WIN
UPPER,2025-03-10,2025-03-11,BUY,206.0,204.0,-2.0,-0.97,LOSS
UPPER,2025-03-12,2025-03-23,SELL,206.7,198.6,8.1,3.92,WIN
UPPER,2025-04-15,2025-04-16,SELL,200.13,201.22,-1.09,-0.54,LOSS
UPPER,2025-04-20,2025-04-24,BUY,200.58,197.18,-3.4,-1.7,LOSS
UPPER,2025-04-27,2025-05-18,BUY,199.53,198.02,-1.51,-0.76,LOSS
UPPER,2025-05-19,2025-05-21,SELL,199.75,202.16,-2.41,-1.21,LOSS
UPPER,2025-05-22,2025-05-27,BUY,201.77,200.59,-1.18,-0.58,LOSS
UPPER,2025-06-04,2025-06-17,SELL,199.65,197.89,1.76,0.88,WIN
UPPER,2025-07-02,2025-07-16,BUY,197.48,198.56,1.08,0.55,WIN
UPPER,2025-08-03,2025-08-12,SELL,202.42,196.51,5.91,2.92,WIN
UPPER,2025-09-23,2025-09-24,SELL,192.4,188.4,4.0,2.08,WIN
UPPER,2025-09-25,2025-10-12,BUY,187.1,181.0,-6.1,-3.26,LOSS
UPPER,2025-10-19,2025-10-29,SELL,175.0,179.5,-4.5,-2.57,LOSS
UPPER,2025-10-30,2025-11-13,BUY,180.1,174.0,-6.1,-3.39,LOSS
UPPER,2025-11-16,2025-11-17,SELL,174.0,174.4,-0.4,-0.23,LOSS
UPPER,2025-11-18,2025-11-27,BUY,176.9,183.0,6.1,3.45,WIN
UPPER,2025-12-07,2025-12-08,BUY,175.6,174.7,-0.9,-0.51,LOSS
UPPER,2025-12-09,2025-12-18,SELL,176.6,174.8,1.8,1.02,WIN
USHEC,2025-03-02,2025-03-11,SELL,684.0,640.0,44.0,6.43,WIN
USHEC,2025-04-02,2025-04-10,BUY,610.62,576.94,-33.68,-5.52,LOSS
USHEC,2025-04-17,2025-04-22,SELL,566.94,539.91,27.03,4.77,WIN
USHEC,2025-05-05,2025-05-18,BUY,548.07,475.91,-72.16,-13.17,LOSS
USHEC,2025-05-20,2025-06-03,BUY,489.25,440.34,-48.91,-10.0,LOSS
USHEC,2025-06-10,2025-07-16,BUY,459.6,466.23,6.63,1.44,WIN
USHEC,2025-08-03,2025-08-13,SELL,490.78,467.31,23.47,4.78,WIN
USHEC,2025-08-27,2025-09-21,SELL,472.7,483.22,-10.52,-2.23,LOSS
USHEC,2025-10-07,2025-10-09,BUY,472.0,469.0,-3.0,-0.64,LOSS
USHEC,2025-10-30,2025-11-12,BUY,467.0,485.5,18.5,3.96,WIN
USHEC,2025-11-19,2025-12-03,BUY,470.1,474.9,4.8,1.02,WIN
USHEC,2025-12-10,2025-12-15,SELL,468.0,466.2,1.8,0.38,WIN
USHL,2025-04-02,2025-04-10,BUY,745.63,712.87,-32.76,-4.39,LOSS
USHL,2025-04-17,2025-04-28,BUY,716.12,674.49,-41.63,-5.81,LOSS
USHL,2025-05-25,2025-05-26,BUY,619.71,611.0,-8.71,-1.41,LOSS
USHL,2025-05-27,2025-06-23,BUY,624.0,591.17,-32.83,-5.26,LOSS
USHL,2025-06-30,2025-07-13,BUY,611.5,621.42,9.92,1.62,WIN
USHL,2025-08-03,2025-08-18,SELL,666.4,778.83,-112.43,-16.87,LOSS
USHL,2025-08-21,2025-09-03,BUY,711.98,752.42,40.44,5.68,WIN
USHL,2025-09-04,2025-11-04,SELL,733.94,719.0,14.94,2.04,WIN
USHL,2025-11-05,2025-11-12,BUY,732.0,700.0,-32.0,-4.37,LOSS
USHL,2025-11-13,2025-11-25,SELL,702.9,691.0,11.9,1.69,WIN
USHL,2025-12-02,2025-12-08,BUY,698.0,774.6,76.6,10.97,WIN
VLUCL,2025-03-02,2025-03-05,SELL,750.0,731.0,19.0,2.53,WIN
VLUCL,2025-04-20,2025-05-25,BUY,657.48,612.87,-44.61,-6.78,LOSS
VLUCL,2025-06-10,2025-06-26,BUY,612.69,590.39,-22.3,-3.64,LOSS
VLUCL,2025-06-29,2025-07-22,BUY,603.14,651.59,48.45,8.03,WIN
VLUCL,2025-08-03,2025-08-12,SELL,617.07,605.0,12.07,1.96,WIN
VLUCL,2025-09-25,2025-10-15,BUY,608.0,561.0,-47.0,-7.73,LOSS
VLUCL,2025-10-16,2025-10-19,SELL,561.0,574.9,-13.9,-2.48,LOSS
VLUCL,2025-10-26,2025-10-28,SELL,555.0,575.0,-20.0,-3.6,LOSS
VLUCL,2025-10-29,2025-11-12,BUY,579.8,560.0,-19.8,-3.41,LOSS
VLUCL,2025-11-16,2025-11-18,SELL,560.0,559.0,1.0,0.18,WIN
VLUCL,2025-11-23,2025-12-09,BUY,567.0,604.9,37.9,6.68,WIN
VLUCL,2025-12-14,2025-12-21,BUY,572.0,568.0,-4.0,-0.7,LOSS
